"V1","V2","V3","V4","V5","V6"
2312,2625,1066,869,653,3376
359,960,2210,1988,440,3437
2772,634,2215,2060,1498,1378
962,3484,1950,2870,2118,1775
1673,1190,403,2748,1787,1101
1206,1290,3397,1300,1872,246
1357,3528,3216,708,1964,3408
2855,3061,1217,673,1252,2034
3045,1361,1959,3473,2519,3461
1391,477,3491,1951,1360,712
2107,1079,963,104,3483,2068
591,972,2238,826,2041,3095
1097,561,2785,1182,2317,3286
639,116,118,2096,375,3338
1009,1353,3321,1596,2468,2412
2816,1231,1811,3362,1685,3145
2205,741,1755,2061,201,305
2170,1014,53,654,2456,445
1970,2181,3199,2233,1749,1791
2561,727,2904,3312,3259,3357
2689,1420,2206,2384,3110,2416
59,1549,543,557,1171,308
3271,2609,2624,1459,1846,2389
2620,2431,1098,1993,191,1455
1841,748,2648,630,1741,856
1911,1240,1467,998,2898,2901
541,250,1808,1723,1642,2135
2373,2836,3523,723,318,2813
438,3237,3331,1311,893,278
2864,593,619,1258,3518,1567
3313,3271,3455,820,3282,292
2467,561,1985,3261,2279,2708
1640,1297,138,3197,3075,3272
2193,927,2033,1297,346,1371
228,2927,1477,2490,3135,1086
786,2553,3374,371,3110,1597
1533,642,686,909,1083,2044
2741,465,3044,150,2112,2580
1353,972,1307,1326,501,2977
3340,3222,3470,1696,1012,2499
1110,2935,829,2943,2039,1344
2049,3274,1631,3357,259,2909
3063,987,1054,1612,419,921
2335,313,707,913,980,523
2865,2326,2773,2516,3447,637
2237,3287,2021,2659,271,652
2913,1751,1412,965,1517,3488
1622,1559,1831,1952,2280,1291
136,3327,672,2651,1901,1286
2833,1977,3087,2550,2323,1274
1320,2069,847,595,2123,2643
1047,1001,584,2408,1085,1351
1014,445,18,1863,3235,2170
1198,633,3467,153,2831,3508
1338,1475,3217,3187,1269,1818
301,902,1502,1767,1541,1897
2754,107,2803,212,1721,1184
1530,470,2102,1016,89,989
2993,22,3108,784,543,557
498,2814,2812,1327,2510,364
3526,1746,2045,3181,2169,2963
2757,3422,1815,2430,1779,2817
1478,3303,3125,1801,1742,3086
194,2251,2386,1667,469,2798
1248,168,2939,1032,331,1540
258,1220,1180,3096,2030,535
2142,1019,2533,1085,3091,1277
2898,2129,3140,1436,2438,941
2219,817,169,1437,2714,3010
2288,392,390,2973,2424,787
1884,988,1747,2636,1112,515
314,2965,2806,3224,2005,2302
1060,1957,1890,2822,2541,1474
1176,771,437,2370,236,859
405,2578,2214,2621,1825,1940
3066,874,3450,346,2144,2033
1298,396,662,3075,3356,778
2500,1671,3212,2291,1881,1535
2550,1221,2833,1644,382,2217
1709,1618,734,1538,3381,123
3114,2870,586,1775,2645,962
866,1630,2319,682,1843,3249
2577,531,2801,834,1207,757
979,2154,1132,2092,1294,2484
496,3280,1265,2297,2078,2422
3429,3382,1390,1004,478,2502
3523,2373,597,3037,28,1570
1018,2728,1932,3385,1543,2644
2472,1421,2102,1851,1530,58
2143,2342,3438,2642,2421,2501
3438,2501,3142,2269,2011,1875
525,1748,1142,1378,139,2598
1956,134,357,2175,588,815
3419,1183,3215,128,1080,3377
420,2591,1022,3185,1790,2158
2165,1179,892,1959,3125,1742
1127,539,924,110,3071,509
2587,2695,1334,1403,3520,2087
3156,1976,1684,2194,973,320
1711,3148,1416,3262,3043,608
1754,3182,200,512,2324,2982
2249,3407,1410,1886,2381,626
2090,993,2197,297,3054,549
963,911,1007,11,877,1079
2340,421,3529,2399,2969,2032
2449,596,237,1406,2232,2310
57,3422,2991,2301,212,1184
1315,1425,1575,3347,187,625
1831,222,2788,1622,3442,2444
2213,509,97,2340,1127,2399
3047,1674,2381,2299,1691,879
358,1720,998,861,2901,2799
1641,1368,2567,1933,985,2908
379,774,1536,1544,2436,2760
810,2628,1339,2301,991,1184
3377,14,375,3338,1183,3448
2593,1470,2954,1146,638,795
1553,375,931,2344,639,14
737,934,2710,2161,1793,236
363,804,1129,1512,902,3352
136,433,1100,981,1869,2294
2999,1826,460,3516,631,994
2319,1805,1538,3409,1618,80
2995,167,793,1138,1158,442
2557,2015,2233,783,1804,3199
1915,2967,2694,2886,936,434
1699,2398,2167,1139,2680,3431
767,3377,3419,94,2322,2828
336,2062,912,1844,1037,2443
1235,430,3134,1903,402,3465
361,3393,506,688,3076,3439
1322,883,1869,2611,526,433
1310,756,2582,2376,3416,1324
3293,93,588,815,711,3500
2914,3318,1795,3465,1665,2961
49,121,672,2651,1100,981
2786,2071,3320,1585,1746,281
225,33,3075,3272,778,764
2598,1919,92,525,1748,3121
1008,799,1073,3378,2074,860
1250,923,3279,303,2212,2931
2962,1030,599,1780,1605,2366
2682,3112,3092,3102,270,2458
511,1360,1272,3129,1561,477
321,1577,2947,2610,1280,479
3127,3024,1024,1669,550,1879
726,299,599,1030,1415,922
2686,2009,1636,415,3518,1567
2732,282,2674,2928,3162,1257
2580,3178,38,298,465,397
706,2062,3053,667,2230,3493
1375,1011,481,2656,2092,1294
1319,2355,3508,704,1198,54
1393,473,818,2471,1830,2425
1243,783,2181,2958,2233,2447
219,2387,555,999,650,3253
1090,1079,486,919,244,911
3489,1091,1920,1354,538,2563
2674,1829,578,3162,3090,2604
238,2107,2003,1687,3481,1192
3042,754,290,1043,2357,3384
1916,1484,1180,1766,1631,259
1202,1254,490,3118,2135,468
1662,3060,620,3297,2792,1599
3494,914,1115,862,367,3230
1301,1880,206,1480,984,1155
1478,124,1683,2059,793,1138
65,641,331,1540,1247,2388
2785,1097,69,2219,1724,1437
1641,1047,1501,3383,575,1518
282,432,3466,1341,2674,2928
2039,2728,2935,581,2409,3285
1222,1312,2080,1732,1067,3208
666,496,1076,1524,3304,1639
265,2251,2448,194,2518,64
2426,658,1894,1317,1703,3433
1310,2122,1953,304,3402,562
1917,1734,2041,2945,3095,2027
412,3365,1981,183,1145,2192
2810,1490,322,1718,2475,1822
1251,1160,2461,1191,416,408
2723,1411,1515,2367,2244,3334
1634,2192,913,179,412,484
2831,415,2686,920,2847,633
217,2920,2535,1646,1840,1471
2802,2866,2581,1056,749,2835
987,3063,1575,3176,1315,108
983,1999,2793,1540,3206,2388
2813,725,2836,2910,2126,2128
2240,2462,517,1731,809,729
3278,1455,2437,3350,24,1098
2199,1678,3328,2779,2411,3436
1320,2623,974,508,1588,1177
64,2251,265,175,1667,2879
1802,1325,2658,1075,2692,1653
2459,655,681,1738,283,1944
1057,269,1892,1456,3214,457
3342,1550,2601,257,1113,2937
2875,1603,564,1153,2248,1044
2142,2324,1754,3161,101,3171
3220,1755,1143,741,3289,17
1804,1820,2491,1461,598,2557
3300,424,2329,1113,2590,2937
780,254,2948,209,448,2040
745,3231,2700,2336,3275,2425
2978,166,984,1155,3048,1164
1197,3519,673,2434,1252,1362
1706,2972,397,2403,2546,3059
3296,2040,1431,204,780,514
2876,1598,2994,234,2441,1065
423,3425,769,2615,944,2429
1522,2991,2803,2661,57,107
482,245,841,3102,2975,270
975,339,937,3257,268,1615
1753,2531,2358,2899,835,529
812,398,3446,534,365,611
1486,185,1840,1926,1471,3169
3155,3157,1162,3164,1995,1031
3475,156,3269,2552,555,999
2892,1915,847,2169,2123,2963
470,1288,827,1905,606,519
109,929,3442,2444,1256,668
1092,1372,3163,3509,1854,2649
2289,2126,3258,488,785,725
138,1882,778,764,864,2738
3242,806,1892,2737,3214,1213
692,1855,2727,1133,3246,1595
2076,35,1048,1374,1086,1477
3325,2581,1148,2845,2802,2594
1678,858,1140,3035,2245,2012
1015,1960,1450,788,1068,3094
3411,357,746,3410,1768,1956
304,1081,590,3439,2122,819
2235,1598,2876,210,2207,1782
410,2916,2882,2246,3502,952
1793,437,2710,1176,119,503
2038,2232,644,2449,106,628
1792,160,261,2857,2003,1687
2417,1258,619,3507,1572,1519
3003,696,1797,3276,1690,1548
807,2731,940,733,280,2034
378,2595,1128,1786,2660,3022
1847,946,2830,504,2445,2111
486,3483,2647,3183,1079,157
3102,213,3092,482,143,2657
1948,3397,2530,1290,3179,6
1435,794,2151,3264,1203,2268
665,1570,1064,3037,3368,896
1256,1266,929,660,2091,2364
27,2695,1642,2135,1607,468
585,2103,3456,3317,922,3329
1770,2804,1304,722,2018,3369
3472,1934,3067,1438,446,3116
2535,204,1827,2920,448,2040
2783,1027,1972,3329,2361,2821
2189,2148,3389,732,888,530
2778,3521,198,1113,337,1550
66,1771,3235,495,3096,2030
1857,1631,1484,3274,162,42
2434,2751,355,1362,2736,2940
948,2003,2309,953,238,1792
1924,2650,2037,1587,2074,1666
912,1465,661,1485,2796,336
1729,1898,2687,1632,698,2729
175,194,1433,2448,2879,1542
2821,1081,1027,2440,2655,3076
1050,2427,518,2614,342,2176
937,3336,3015,339,2971,214
197,3214,457,854,1892,1456
1803,3102,964,3112,482,143
2021,3287,401,46,1737,2237
1077,2767,662,1851,3052,2956
3380,3263,1923,935,2966,2670
403,2668,3179,3515,1137,1673
413,2579,1930,3190,2949,3457
2932,3323,1450,1068,1860,854
552,3124,3288,1743,1074,1396
1938,893,813,3331,29,991
1504,2300,1914,2072,1499,1810
2034,2155,3061,241,1619,940
1585,777,2786,3526,2017,137
171,149,432,3466,2674,2928
1944,3173,1186,196,2521,655
1114,680,1181,1342,1025,1380
579,2351,890,2658,2065,2631
577,1202,2260,490,861,2799
823,1049,3333,3347,625,3413
3011,1214,1147,2534,1966,1497
3480,378,510,1695,2196,1693
1043,2546,161,1943,381,3384
1494,2049,2583,851,822,3312
3455,651,3313,352,31,3305
3414,314,3224,1823,72,3119
742,513,3203,2473,1558,2780
678,1908,885,463,1273,3027
3267,566,1087,1794,2073,3168
2197,993,393,103,1323,1760
695,397,150,2972,2580,3219
906,147,726,3082,2311,1415
521,1605,2498,2639,3451,2962
56,902,2877,1129,1541,1606
1902,3518,2397,2686,593,2847
2140,2931,969,141,2984,923
3402,233,1862,177,590,2122
3008,2061,741,802,17,2800
1283,3175,1409,2850,3221,3026
2323,870,353,1977,1996,1204
557,1948,368,1549,2717,22
1120,1193,1627,1727,1522,2494
3022,2528,2665,522,917,3133
2707,2191,2401,1688,3172,2173
2918,2341,1327,1095,364,1971
2335,44,913,2525,1883,2192
2965,72,293,1921,3224,2806
3434,1247,2318,1510,602,641
3182,1151,3136,3353,2720,2324
1291,1559,1108,1276,2325,48
761,2813,28,2435,3361,3523
2509,1533,1181,3103,1722,832
1271,2194,1976,1299,99,3298
145,2610,431,2947,574,2782
1593,2475,2306,2987,180,1490
1807,1308,1035,1514,891,2179
553,965,2261,1751,329,1602
2075,2043,1668,1293,2749,1165
1359,2101,400,1508,1657,1913
2829,3300,1659,2747,1889,2778
3491,1287,795,2704,2537,1391
1751,2832,324,690,553,2053
731,2452,750,2258,2788,1834
2939,1247,740,168,3032,65
408,3000,1160,612,1985,2100
1612,787,2299,1054,2288,583
770,3359,647,3516,3324,961
2168,1766,1375,2791,1484,2257
129,1485,912,1844,263,391
1550,1759,1260,257,2603,3521
1833,2320,1642,2497,1808,3018
214,2247,268,1615,3219,3336
2510,1368,1531,2814,982,582
589,1082,1013,1332,1636,3316
2614,1816,1756,1050,2664,1313
2236,1015,675,616,788,1068
2295,703,1777,3083,1528,3081
843,2216,1401,1625,2447,2698
2125,2033,3066,76,927,34
1787,1150,3048,1563,1306,1190
1910,958,3512,2605,1106,1663
1939,563,867,1657,1228,2903
2254,446,2089,2896,2072,1835
3093,1422,2607,3435,674,1907
1453,3305,1418,2394,292,651
781,801,1996,2490,2323,307
3426,1521,2222,3343,1389,2763
1362,3038,260,1009,2940,683
1278,2529,2354,1284,2273,2613
588,232,2127,93,1768,1956
112,3332,1697,2679,998,861
1158,2,3492,2995,2210,1988
1848,3444,2138,2955,3152,2347
131,1821,688,506,2051,2044
3057,1134,409,899,3046,1229
120,1389,1129,1512,1521,3525
1978,1327,2814,2341,60,312
2200,3446,2666,398,1479,216
1937,952,1539,597,2246,1039
2185,862,3068,3494,2265,165
2717,1290,980,308,523,1948
406,1670,2377,1525,2536,2566
1944,1736,808,681,1534,2946
2874,1597,36,3431,786,1172
2665,2528,735,3041,3149,2507
2607,2871,2115,3093,1912,1458
1819,2009,968,483,1013,3490
1183,118,2054,116,2344,14
1568,3019,2139,1069,2979,2258
2599,3194,3062,1646,2495,1471
289,242,2196,1693,1128,1786
114,3419,800,767,1536,1544
2640,1961,592,2959,1279,689
3384,2936,1943,290,2948,448
1644,2007,3462,79,773,1221
772,1647,2795,2824,824,3023
3277,2277,1328,2321,533,3255
3504,2338,2149,3524,3270,2902
1336,3187,3227,529,2127,1475
1702,2842,1321,1095,2482,2974
3488,2326,2913,1424,1454,3034
2960,2137,1547,2837,2986,885
2424,3363,1576,70,2600,392
1844,2539,1485,1028,1675,336
3039,70,3363,1856,390,2973
297,1236,2197,1637,2147,1760
1918,3106,657,2544,2253,900
3380,1329,2570,2765,2264,1653
77,1652,3356,778,3241,864
298,3059,3178,208,150,2972
1671,216,365,611,2200,2500
3006,410,2989,875,3225,743
1657,1526,1939,326,2133,1359
1737,271,3196,2021,3358,3287
3465,990,2914,130,623,3134
1787,274,1137,5,1673,2282
2560,2571,1152,1785,1850,3503
1448,75,1825,2214,2321,2621
369,2573,2912,2536,2566,2050
678,1899,2986,1523,2433,775
332,1191,1160,612,181,876
899,362,1229,3057,3046,1571
235,399,2882,2246,2989,875
3379,587,1340,2715,1885,1637
1135,179,459,1634,1981,183
275,2351,1930,3190,507,516
3453,2255,2221,1740,1461,2404
1636,184,148,1082,2686,920
2467,2461,1160,1051,181,2719
3401,2955,766,1848,3138,360
3079,2755,949,825,2152,2676
921,3498,43,3418,987,1726
95,2305,1974,1489,1022,3185
105,3372,2340,3240,996,2969
2227,1237,824,2177,3023,1302
211,2734,769,2615,1511,3237
203,1139,2590,2937,1699,3031
2815,2128,488,2385,725,1348
3503,1059,1785,1683,3046,1801
1162,3040,435,3157,3386,3158
528,2956,1387,1905,2767,1288
3440,839,2116,2337,2643,2202
1903,130,1338,3465,760,2961
2947,321,753,2782,1714,2241
578,2674,1341,282,171,1672
121,526,1869,2294,132,1100
2963,2886,1915,2045,2243,126
3386,2527,427,1349,1162,2195
1098,1895,2808,2861,3278,2953
236,74,2710,1176,119,503
29,3237,2031,2615,893,3074
905,3218,3193,530,2856,3204
2943,2210,827,1344,960,2
924,2021,1861,1127,2237,762
768,1138,2995,1419,699,124
3055,1566,1741,3428,1841,1123
2234,1121,1665,670,926,3301
3235,1863,1771,1014,2079,53
350,2254,2896,3067,1934,253
988,1856,1381,2343,3039,3144
1827,2948,2936,254,381,204
3200,2487,1876,1791,2722,2985
502,1253,3349,809,1333,729
2149,1305,1839,2989,3504,3225
1660,2753,2382,803,1781,2513
2211,3484,1440,3395,1189,1178
2696,2851,2566,909,1083,2050
576,2414,3320,3004,3025,2071
2784,1164,2274,3139,2486,2838
1456,854,269,3323,197,1860
3510,1117,2818,1904,2966,2570
1647,1981,2559,412,1187,1135
2840,2999,3516,122,2549,3359
2033,3113,1716,1764,874,2193
659,2423,1600,1752,2259,2271
1523,3027,678,295,3361,1039
1800,2641,1175,1724,2925,2634
3014,38,882,3178,3044,150
2564,2239,1061,2457,1405,2899
3200,1491,1773,1749,2395,3084
2135,3520,2695,1254,250,163
3497,1667,3036,2162,2386,64
221,1288,58,606,2102,1016
3192,1145,1676,3365,1796,1366
803,2753,1735,1817,1698,1148
1830,154,1393,3478,629,954
560,1143,1318,3289,1296,1545
2602,3321,2256,1307,3151,534
3174,2588,1595,3299,2223,1552
3129,10,1360,712,144,1694
1004,3008,86,871,3429,2120
1812,1280,1577,2684,145,2746
2130,2582,756,2608,133,2105
2656,916,2188,3100,152,1011
964,213,3102,2975,270,3314
1572,2525,3490,1928,374,1819
2996,492,913,707,1634,183
2305,2881,1772,1489,1907,2942
3072,244,1507,1090,157,2647
1036,3517,751,565,2834,3302
725,2930,224,425,2289,2815
1967,1168,1865,818,2878,2471
2260,1723,163,2135,286,1202
898,1874,2854,1750,663,2907
1302,484,2996,1237,3226,1634
997,2396,2006,1112,2333,1381
3084,782,1970,2339,1870,736
3341,2151,2030,1203,258,1771
85,3280,174,666,2078,1524
558,3069,2922,575,3362,2567
2328,60,3335,1929,2812,1327
2383,1038,2206,3374,1508,1913
1502,777,1476,3172,3181,2220
826,1307,972,1555,39,2256
3398,450,797,3417,3349,809
636,1176,2850,1793,2370,236
2111,3430,3364,243,1973,946
3360,1317,2455,1080,2426,2054
1821,2361,131,361,1027,3076
618,716,1930,579,2351,413
1177,595,193,1320,1219,2841
2428,996,110,539,97,2340
2196,3245,2807,3191,289,3480
144,1995,1272,3129,1225,3155
2413,2982,1754,101,3056,853
2907,294,1874,1583,3203,2473
1431,2225,3296,1788,2145,209
2343,2636,988,2522,2110,71
3190,2065,2351,1784,413,2505
1731,1023,2612,190,2794,2240
2614,630,267,856,1756,1050
2943,606,2935,827,3285,221
2010,1538,1709,1408,2141,3342
1298,300,3052,3197,2498,2639
310,917,1786,3022,1693,2528
980,1872,707,1290,44,368
1374,2464,2076,881,1584,3428
3121,92,1199,1919,1142,139
433,1503,132,1322,2649,1869
1352,3415,1285,2684,1397,2746
428,3437,1387,1905,960,3248
1475,2358,386,2531,1336,215
3204,732,439,2148,3218,256
2801,744,83,1205,757,2683
3527,2993,2725,849,1332,3316
2613,1328,3277,1278,384,833
2256,611,3151,216,812,475
1728,3096,1220,1042,66,547
2952,1339,2628,3074,1859,1725
3183,2378,2011,3483,1875,2068
2393,1354,1920,2652,158,3482
2215,97,3071,509,634,2428
2146,642,1241,1204,556,2051
27,2077,1808,1723,3165,2334
2919,594,2308,1414,3135,2921
3164,3108,1171,1031,22,59
910,2650,796,860,1157,2349
2760,2053,774,1528,2379,2832
2541,2493,3162,2732,1060,1829
654,1042,3096,2635,889,535
2752,1025,3109,2789,2826,1114
3424,3054,2367,2197,3334,103
1879,2431,668,146,2551,3127
939,1481,1655,2439,2172,1890
1989,277,2944,2402,3288,1743
703,324,2832,2262,1602,329
2396,1968,2368,1845,1747,967
3269,650,3279,156,2212,219
1083,1204,2851,642,870,540
784,308,2950,2717,22,59
2922,1527,497,3486,2567,1933
1997,2388,1510,798,1999,641
474,1143,2129,2304,1296,1467
13,32,2279,2708,2317,3286
1324,1953,3461,1310,3473,177
349,2058,1347,986,867,1228
1153,3497,1105,199,2476,2875
751,3375,1762,487,744,1036
296,2198,3168,1965,1842,2073
594,2630,2558,2465,747,1992
2805,1264,938,1963,1051,2719
3493,3459,3514,1658,706,2067
2565,1552,2588,3104,2474,1281
3132,1440,2584,1189,2794,2612
834,2726,1732,1394,830,1601
755,2629,1725,1201,2884,2952
3140,2782,3291,321,791,2610
2567,1501,497,1641,3069,170
2071,3320,2055,455,3025,2313
1285,286,2293,2799,1352,2260
1672,432,159,2674,1688,3090
285,2658,507,2351,1325,716
1077,754,3356,1421,3241,1230
1035,2409,1116,172,2039,1807
985,2814,1368,2418,340,1978
2889,1054,1564,1170,787,333
1501,1085,1429,1047,1019,52
927,251,2125,3077,3456,3317
2645,615,81,1495,3114,1983
2419,411,1885,1637,2488,1760
3227,2127,711,357,134,93
2950,341,968,784,1013,1332
3439,1862,1268,3393,233,304
12,2221,3095,3453,1941,2238
2959,380,2067,3514,689,2811
2397,30,2864,752,302,3518
567,542,2558,2465,2308,1414
508,2643,51,2841,839,1320
106,1726,2232,2310,3445,3498
3523,87,1937,761,366,2373
3188,2897,2557,202,1820,2839
1030,147,1780,142,3317,922
3340,758,850,1733,1719,2556
1125,3268,3160,2147,1209,1236
2318,740,2483,1107,1247,315
3262,1479,2811,3148,2094,3446
720,1719,2885,718,2492,758
894,2739,1428,1125,3268,2585
519,1016,2644,3285,470,221
2642,2477,3438,3123,2269,2508
812,3043,3148,3151,100,1244
3113,1707,1648,3159,2270,3002
1565,2651,3390,1286,981,2331
1555,2500,534,2256,398,216
876,2100,408,332,1906,3247
2784,1206,3367,3139,1998,3449
1264,1355,2224,713,3065,730
2612,586,3114,1983,2584,1731
2406,1068,2506,343,2330,2236
2762,978,1638,1173,2113,2887
716,507,2470,1930,1684,973
1258,30,1572,239,3490,1567
2363,1599,2158,1662,2790,164
3306,3254,2124,2095,2160,1828
2131,759,3211,1912,2267,1790
1729,2914,2296,990,821,402
2178,722,1770,1708,986,2689
3347,1730,1049,1425,287,108
816,1886,3304,3407,666,102
1482,3105,2339,782,2888,648
3176,644,1575,2232,237,1109
3478,1185,473,3309,1830,1040
1756,856,518,25,2614,748
994,2539,122,1335,903,1826
3248,768,1988,2852,3437,1473
54,920,2831,3508,184,3029
3071,3,3001,539,2215,2060
2231,645,811,1889,2460,2329
3017,503,3026,1089,2850,1793
1496,943,2516,933,2865,45
3253,719,2954,2228,117,2593
14,3089,118,2096,1553,2190
3257,2398,975,1172,1705,3167
1510,168,1247,2388,315,559
37,540,556,2051,1083,2044
2688,2492,1608,850,1457,1719
1174,628,237,1109,2038,1017
635,2677,2460,2329,3399,2590
697,1441,1704,1382,1927,2889
2756,1569,334,770,3476,3324
1491,2888,1096,2339,663,627
2933,2946,2547,1335,1124,1736
1866,555,3330,2387,3279,156
1690,292,3003,1418,3313,352
2415,1227,2659,3287,46,2237
2625,1806,3161,1104,3171,2312
547,1014,3235,2170,3096,2635
3283,2681,196,2459,3173,283
1942,3394,2119,2250,872,2469
2544,900,1309,394,2024,3106
176,2426,2951,3433,3062,2495
462,1367,1600,1752,3004,1864
776,2364,249,2805,1256,1963
2112,2796,2035,263,2542,1465
3356,3052,1077,272,77,1298
1096,2854,1874,648,491,2888
934,2627,3137,1218,1089,1358
248,3471,1570,1064,3368,896
174,3280,3304,496,626,816
2230,2443,2666,151,2062,1984
2551,3442,550,929,1879,222
966,2029,2066,1520,1100,672
1838,3107,3301,2208,444,2234
955,1267,2594,1235,1903,1388
1100,1901,2066,136,49,669
1252,2721,8,207,3061,1197
2607,2449,2038,1422,3154,351
739,788,2115,343,1458,2236
3339,1126,2678,2503,2537,3452
983,1286,1443,1032,1565,3327
295,407,885,463,2986,1523
1426,2022,2846,1021,1466,2693
1181,284,2724,1722,1380,1972
1534,196,1270,370,1738,1944
2542,1630,866,82,2035,2547
2940,2468,1990,355,2675,1009
1131,2532,3294,3345,2809,1994
709,3326,2592,1168,3396,1865
2044,1722,2724,1821,37,1533
3119,886,1579,1715,1078,3101
1799,3393,361,131,1241,2051
1279,2811,592,1416,3262,380
1412,2053,1275,1751,329,1680
1888,833,717,2023,2905,1328
227,1293,1133,1855,3281,2075
2893,2090,2752,1463,2789,3085
705,3460,3457,3123,2000,1573
298,2136,2580,728,1615,3219
3276,1893,240,1034,3009,3003
646,1441,3436,2392,1382,2199
2906,2687,1898,1424,264,1454
3098,1419,3239,1138,1949,442
2847,1629,2831,1902,3467,3454
1664,2166,2578,1628,75,1940
717,3147,2905,1626,880,1562
553,344,1528,3081,2832,2262
2342,2143,153,1198,2976,1319
694,2505,3457,3123,3190,2508
2067,151,2094,569,2230,3493
913,44,2996,484,523,1872
3408,2134,7,1357,1935,2157
2098,685,3396,1865,2369,2878
935,3223,3263,1383,2667,2693
2375,588,755,3227,3293,134
1694,1951,477,2725,10,1836
2224,3314,2517,614,964,1355
2638,961,1876,2549,2722,3359
950,2673,1369,2730,2745,2941
618,507,1325,1684,579,1761
3147,702,691,2905,1925,1888
758,1784,604,2065,2631,720
3010,2228,1516,638,2593,1445
604,1887,2885,718,1784,3180
3266,2929,996,2428,3372,3230
1304,1500,624,252,1770,1708
2373,1570,1423,3368,28,2836
3213,878,3389,2148,1351,3205
488,189,2126,2128,224,425
147,1030,3082,299,3458,1949
20,1578,3259,3357,1593,2909
2580,3249,2741,695,1630,2136
2082,809,2462,1253,190,450
1963,776,3065,2164,1264,614
330,2272,750,2258,2853,3019
848,530,3218,256,1451,2189
807,2983,2997,897,241,2731
3381,3117,80,808,1709,1186
2507,1154,372,1005,3041,1980
1870,3421,782,3501,494,1745
119,2627,2161,934,2592,3396
1945,1742,1611,892,3303,96
675,1174,1458,2236,3154,2766
1813,602,3032,331,1107,1247
3429,17,201,305,3220,3008
294,2549,1558,2780,2638,2840
2538,875,3006,399,2013,410
1205,531,3375,1849,2683,751
1967,205,2878,2471,2700,2425
1818,955,1768,760,232,3411
2872,2558,2912,2630,2998,567
2316,2218,25,1841,1756,630
3427,1056,1384,2866,2097,186
2788,2853,330,1831,731,1952
565,3375,2683,487,744,1036
2841,839,3440,2864,2397,593
431,2701,2241,1714,2947,2782
580,161,3042,3241,1230,2357
573,2629,711,3293,2884,2375
133,480,2582,2376,3416,1324
2683,1207,531,3496,83,2568
600,718,1719,2556,604,2631
2083,622,2131,3252,2267,1912
1903,955,1818,746,430,1338
318,1937,3361,1039,3523,597
1737,1127,2021,3358,441,2213
814,928,2138,3007,3152,916
2270,3272,2738,1764,225,138
3524,2876,1839,1208,2994,3504
3138,1848,2938,417,2926,3401
1544,128,379,2064,3419,2322
442,632,2995,1419,1988,2852
1511,944,3348,423,1931,211
334,3516,1569,647,1826,1675
2370,859,74,947,1176,1283
383,3512,2451,1910,2795,824
3462,2105,2007,3463,382,2911
114,2379,2436,1093,2760,545
1523,915,1899,2910,407,2435
730,2164,660,2444,1256,1963
281,500,3526,2220,2017,3181
3075,864,396,225,77,138
1562,2036,2761,1626,2621,1940
3403,204,3346,3296,2948,209
353,2490,2004,1996,2927,836
2339,494,3105,627,736,3421
155,2015,125,2233,2447,2698
557,1332,589,59,2993,2950
3513,3258,1423,2126,1660,224
901,36,2383,2874,3374,371
333,2973,2288,583,1564,70
675,1960,2283,1015,2115,343
938,3337,2805,2364,3406,1744
2660,2890,2675,2595,2895,3149
3291,1488,574,2764,2371,2782
970,3470,1304,3222,2804,1021
1158,1683,1850,124,3503,167
3264,247,2268,1557,1435,1203
2704,1146,328,1470,3491,117
860,1392,1008,544,942,910
1582,2713,3349,1529,502,3398
1999,2306,3443,559,1997,1223
3236,140,857,1587,3378,2074
1536,3215,2622,1909,379,3419
1477,2490,353,3505,3087,2323
2120,2800,305,1925,3008,1888
472,452,1698,2753,3049,1781
120,2243,902,3352,1767,2886
2807,1990,2736,2196,2940,1128
226,3214,1213,1892,2737,269
733,241,1506,940,2983,1514
1186,2946,734,3381,370,1944
3417,729,190,450,2240,502
2359,115,1721,1184,813,991
1878,2460,2231,2862,635,1262
608,216,3148,3151,3446,534
1006,991,810,278,2359,1938
763,3005,2138,3007,1365,2938
3500,2175,134,2008,93,3013
1102,626,1447,3280,3407,666
2387,69,2714,3010,2228,1866
2471,1967,154,489,1393,745
2655,2122,2121,1081,2548,233
3282,1459,830,31,3271,1601
1795,2296,2914,2860,3447,623
1631,2583,1916,2049,3341,291
287,1691,3333,3347,1447,3047
3023,1910,383,422,772,2227
2626,2676,418,3085,2755,1896
2238,501,12,1881,972,1555
1905,221,440,960,519,2943
1946,2016,1070,1299,1838,3298
2039,1546,41,1035,1110,891
3189,1601,572,820,2726,3282
3060,2139,2979,2880,2792,1599
909,3103,1533,2696,319,2085
3120,2023,1278,691,1328,533
572,1394,2801,2726,83,2577
2899,845,1061,215,1159,2531
2998,2004,2927,2558,781,2308
2617,2043,1433,2088,1029,1542
2069,3420,2694,2202,2606,936
2841,752,429,3440,595,2643
2374,2514,2758,1356,2504,1255
2975,213,2526,482,2209,2325
1149,1679,2248,1044,1592,1936
3469,345,1196,2958,1401,2447
1399,2084,3391,3180,2885,3506
2883,835,1159,2531,3141,3217
2740,3045,1417,1179,2481,2572
974,2123,220,51,2892,1320
732,1892,1451,2189,3242,1057
1694,3108,2725,3016,532,2993
1696,1719,2688,643,600,3340
3312,2176,1313,291,1494,2561
1048,2915,2076,3170,1584,1623
1701,1757,3056,888,2982,512
457,269,3323,197,1860,276
2369,1619,1218,2098,2155,2653
630,2648,518,25,2614,748
1698,3404,3049,3378,3236,799
230,1678,3035,2779,2522,2110
947,3057,771,899,2894,2370
796,2074,1008,544,140,2650
2799,2679,286,112,358,1202
2346,367,2265,165,2372,914
2971,2466,2383,901,3169,1038
3403,778,1652,1882,396,225
1385,2457,1713,1122,1061,1159
82,682,1618,2547,1124,2319
2903,1347,2400,349,1404,563
2736,954,3275,2807,2751,3191
1066,2625,3376,1,2533,3091
307,2851,1996,1204,1303,556
3128,2120,3120,2023,1004,478
2250,3146,1226,656,3394,1942
2186,3358,1453,3196,2394,3529
76,1716,2144,2033,1692,461
743,2246,399,410,3006,235
908,612,1191,1739,3247,408
1966,1007,2524,1497,911,104
724,3213,1265,2148,1472,3204
1315,2299,3047,3063,111,1612
1562,2277,702,2214,2905,1825
1616,3428,524,3055,1374,1314
1238,2672,3044,2108,465,3014
132,1322,2611,1092,3288,1074
1003,1644,2480,2550,1211,1274
2986,1273,678,295,1547,389
687,2968,1078,1891,1579,1715
904,1093,1975,2867,2379,1275
3056,1757,3389,853,256,2189
2635,2926,547,1979,1042,3138
2658,2692,285,2278,2556,2631
3175,1035,1546,1308,829,323
1959,96,1945,2519,1742,738
278,3074,29,438,1339,991
2367,605,2723,2585,3424,1125
2042,2906,2597,2819,3150,2261
2407,1064,3471,1574,665,2980
2997,2640,2983,733,2104,1116
2117,491,1545,3412,2854,1750
409,3057,362,859,1134,947
1376,657,2024,3088,3106,1527
786,2971,863,2383,2874,937
301,56,1129,1767,804,120
1485,1335,1465,2933,2539,631
887,3202,2867,1093,2109,1000
1156,439,3413,1472,3193,3204
299,2572,3082,2311,2740,2121
1078,2451,1955,1891,3512,2605
3251,876,1774,2360,1191,1739
1083,832,454,37,1533,2696
2990,544,1392,1987,796,1157
104,919,2524,877,1079,157
263,1037,2796,336,129,1238
707,313,484,44,183,2192
1651,165,3319,2346,1115,862
1348,775,2284,2128,1899,2910
481,2656,3100,3007,928,763
3133,522,2735,310,1677,2665
1344,2210,1152,3492,1110,2327
2524,2116,911,2606,1090,157
633,1082,184,3029,415,1686
1170,1054,419,1871,43,3418
3317,1415,251,599,2103,147
2924,141,3330,969,3279,303
441,3071,1604,97,1861,1127
3078,1292,2362,971,2659,1969
3141,1665,2883,1121,3318,444
585,34,346,1371,2125,3077
2106,763,3152,916,1556,3100
222,2091,668,2551,249,1256
1629,1439,1224,1507,2421,2647
2344,2380,1703,118,3371,1553
1932,1658,2959,1018,3514,1041
2516,1496,1117,637,1904,2586
664,2627,119,737,1089,1793
2670,710,273,1466,2693,3263
2694,3011,838,126,2967,3420
268,2874,2971,214,901,975
3406,789,568,2805,3261,1051
551,1481,992,2273,2172,1853
1506,3137,241,807,2155,280
2438,3291,3140,3097,68,1390
2028,2776,1008,1140,1392,796
2208,2303,637,1496,3107,2865
769,2702,1656,3425,1931,211
2048,1053,2406,1161,2766,1017
3014,243,2108,3430,2830,504
1283,859,2894,2370,3057,771
261,2320,3165,1792,1063,2309
2152,1610,418,1442,2755,1813
715,2673,1055,2745,2857,1289
3521,2747,3229,1759,2497,1169
1539,2246,2916,366,235,3027
2309,3020,261,2858,2003,3228
3275,2425,868,1393,1830,3191
760,671,746,1903,1388,3411
1609,2909,3209,2485,1578,3274
2302,2271,2014,2806,2423,1676
348,1245,1430,3511,2605,1663
3225,1372,2149,3006,3270,2013
2,1905,827,440,3437,528
714,3324,2722,3359,1560,334
4,2870,1189,3484,3114,2584
104,3481,1007,11,3400,2107
2517,482,1803,270,3314,713
324,3488,2819,47,2261,1751
669,2029,2611,2944,1100,1869
1747,1020,1968,1873,554,1884
1483,1013,374,589,1819,2950
303,1193,923,2924,2661,2984
792,3222,1500,1304,2862,1262
1969,2362,1604,1292,1861,925
12,39,501,2977,826,2041
2089,1684,2470,1976,618,99
1588,847,2313,193,2892,1320
1172,214,2874,640,937,3257
1798,1151,2063,3353,2324,1806
2240,2092,1011,979,1023,3417
1511,617,2113,2887,2420,2734
3417,84,3398,2484,977,2092
1483,523,2335,44,368,2717
2294,2651,121,136,433,49
1531,1933,3486,1368,3260,340
188,677,2793,1540,1443,1032
3048,1480,206,1150,2114,166
2908,582,113,1639,1368,2418
1228,1770,563,2178,2058,624
187,43,3176,3063,3498,419
447,71,1112,515,1381,2343
3195,1016,2450,1530,1543,58
2446,402,1632,623,3134,1729
1339,813,115,893,810,278
2273,939,3128,1853,2354,1449
2090,103,297,2752,3109,1323
631,1534,122,1335,2999,1736
1282,3158,3233,3515,3040,1906
509,2428,721,2340,421,3372
493,3363,2333,1216,1381,3039
2901,1697,26,112,1911,358
2552,3253,156,2954,219,1210
2109,3223,904,2132,1621,2867
2413,52,1085,1351,1277,3205
1763,2586,2303,2052,1071,1496
884,1241,1211,1274,2146,1799
478,1449,86,871,3382,3128
3244,1154,2507,735,2263,1682
3373,813,2359,1938,2350,1144
3126,1497,3400,877,963,104
1073,942,140,2776,796,860
355,15,3038,2468,2412,683
3508,2355,2520,3029,3452,1645
1023,152,2188,977,481,2092
2229,1733,3470,2846,40,3340
968,1636,2009,341,374,589
53,654,445,18,3235,2170
343,231,788,1068,1450,1960
989,606,1543,58,2644,470
2766,1109,1161,1174,945,644
88,1041,932,2450,1932,1543
1429,67,584,2099,2533,1085
967,3208,3073,2080,1968,1873
2846,2804,3470,679,792,2022
1974,2158,2363,95,1363,420
517,1011,2794,2240,2188,977
1669,1834,146,1879,2452,3388
2789,2509,548,1181,1114,284
1769,2463,2368,2265,3068,2314
255,3076,506,266,2361,2821
1675,1364,391,1569,1844,1407
2448,1433,837,2043,265,2088
599,726,142,147,2366,3458
3016,3108,3164,543,3155,218
1540,3327,677,65,1248,983
3216,1284,1858,2697,2529,1357
1893,1717,1493,696,2775,3276
891,581,829,2039,323,1807
3496,487,3302,2834,2683,751
912,3053,1238,2672,2062,129
3169,499,2383,863,1486,1508
3361,1539,463,761,3027,1937
3480,3309,3245,3478,510,1695
2445,1018,1658,1847,932,2450
547,3005,535,1728,2926,889
2546,290,3042,161,1706,3405
2248,1936,199,842,1603,1149
3464,2218,2316,1314,1345,2365
2815,1267,2930,1099,2845,1377
52,170,584,2408,1501,3383
852,1477,228,3505,2076,3170
287,1370,625,3413,1730,3193
1313,267,342,2614,2176,2427
2719,3261,416,2467,568,938
3256,2664,1343,2365,2904,1816
2048,945,1730,1462,1161,1370
921,1170,583,43,1612,333
950,3392,2857,1289,1687,2159
1735,749,2802,2097,186,3404
197,1451,1892,1456,848,1111
2633,2555,2086,1167,1513,1199
426,1571,3046,1801,1229,3086
1829,73,546,2541,1330,1474
466,1159,865,2899,835,2457
3273,1487,1432,2616,3477,3153
1792,3018,948,2745,2320,2941
896,665,2980,248,3471,1574
2295,2441,2064,1598,2322,210
869,1,1852,3376,2625,2816
3208,1394,1732,2589,173,1617
1450,616,1015,2932,343,2330
3019,2272,376,731,1568,2479
3301,2242,1492,1838,828,1946
2264,2052,2586,1329,1002,1379
2462,1495,1983,2082,729,1731
1008,2776,3378,140,1384,2097
1854,3288,3124,1092,277,883
1653,1761,1329,195,1325,1379
174,1814,3304,1639,1444,2418
272,580,662,1851,3356,1421
907,1579,1891,2451,886,687
157,11,244,911,104,3483
3215,2054,505,1183,3360,94
233,266,2655,3076,819,3439
920,341,1636,3316,415,1686
909,556,454,37,2851,642
1623,2356,2285,3499,3170,2217
584,1277,67,1001,1019,52
1374,3135,228,1616,35,2919
2081,3168,2873,296,1758,3267
2848,2195,1225,1789,2527,1182
1358,1793,664,934,3017,636
157,2337,486,919,3072,2116
2093,1173,158,3489,3310,1354
883,223,1322,1074,1854,2649
2436,3202,887,904,774,2379
2915,1958,2356,1584,1623,2489
2974,1971,387,1702,312,2918
663,2395,1874,648,3203,1491
169,2785,2219,13,1789,1182
436,1895,24,2620,3278,191
1377,2385,2815,1046,3131,2446
1869,672,966,669,121,136
1402,2748,1739,1190,3251,5
816,1156,1447,3280,3333,2297
2679,2671,3332,2759,2275,3118
2312,3177,653,1806,2625,2063
2476,1677,564,2699,1153,1468
1663,2227,348,1994,1910,2292
2483,2377,1813,1610,602,740
1559,317,2345,1291,1952,2325
1161,1575,1017,1425,644,628
2327,41,918,1546,1344,829
1580,1456,1451,2432,1057,1166
1381,1747,493,988,2396,71
2778,2937,257,203,198,3300
284,2826,1342,1025,3450,548
3319,3230,2929,165,2512,914
2104,1807,2983,581,897,2409
3510,458,933,1904,3034,2516
3201,1384,2028,2776,3427,3522
3408,2478,3528,3250,2157,7
309,2733,1627,1727,3295,1175
444,1713,926,3141,3301,2242
1713,1385,2242,865,1492,1537
3428,2489,1566,2464,443,524
2547,3381,1618,2946,866,649
3268,601,3424,2147,605,894
2287,676,1954,1438,2678,2503
762,97,441,2213,924,110
2196,2660,1990,242,805,378
902,1521,301,120,363,2877
3143,1210,3207,1470,2768,2704
2838,684,1994,2274,2532,3294
2484,2485,1591,84,1609,2154
692,1331,227,2727,1628,3281
2894,362,2571,3057,1785,3046
3023,412,1647,1237,459,1634
2145,2599,2514,1431,1586,1776
2282,3179,1998,403,3397,274
2059,442,699,124,3098,167
424,3431,127,1597,1699,3031
3035,230,942,1392,2012,2028
1783,3445,2113,3418,1638,1726
1378,1199,2772,92,2555,525
560,474,2304,3289,201,3220
3482,1938,3373,1354,1006,3310
1981,471,2014,179,1676,3365
1561,795,3491,117,1360,2593
2534,2967,1512,288,3352,3011
1817,2802,1735,229,472,3325
842,1936,1044,2248,3265,1603
2114,347,984,3166,3048,1563
3353,2324,976,316,1798,3182
2327,404,918,2560,3492,1850
564,2981,1105,199,1677,1603
3244,1005,2891,735,1980,2705
2274,1164,1880,3294,206,166
1102,905,3333,2297,3413,1472
2349,1987,544,3073,910,1873
359,793,3492,2995,1850,124
1061,3141,845,1713,865,835
181,1985,416,408,2467,332
1109,1425,945,1017,1730,1053
1995,427,2527,218,435,3157
3355,1800,1727,1437,2714,2494
2784,456,1155,2274,2978,206
2749,2043,325,2075,837,1668
1860,2330,2432,1456,2506,1111
1199,1700,1058,3121,2086,2253
1865,685,489,3326,709,1967
1635,1369,2747,2829,3229,951
921,1054,2889,583,1871,1704
543,2844,3164,1594,1549,22
975,3431,2874,640,371,2398
2093,1091,2887,3489,617,2762
739,644,2766,2038,1017,3154
2925,1727,2733,464,1800,1120
503,74,2370,236,771,437
508,3474,2623,1519,193,1219
3395,3484,453,3238,2211,4
2165,96,1959,1417,846,3045
1766,1220,2030,66,162,1916
680,1722,1025,284,319,2509
2317,1789,2195,13,1088,1097
94,375,1080,3377,2054,116
1721,2301,57,810,107,115
3309,629,3478,1040,473,3245
2521,808,3117,283,1944,734
2824,2559,1647,2750,459,2005
2726,2775,2801,3189,1205,3009
2584,1440,962,571,3484,453
5,1563,1787,1101,347,1402
2360,408,181,876,1251,908
2068,1687,2107,2378,160,3392
969,309,1522,2494,2924,2661
2803,2754,2953,2808,1627,3295
1262,1420,1708,2460,1500,3399
3174,1401,1962,843,3246,3469
2336,207,2721,3231,673,2434
54,2342,704,3467,153,1224
1167,1142,2555,525,1058,3121
1822,3464,2810,1414,3256,2921
1725,2629,2031,573,2429,1337
163,286,3118,2679,490,861
495,2268,2151,1771,2079,247
556,1977,870,540,307,2146
744,2801,1849,531,2775,1188
613,6,1998,3449,3397,1300
757,2037,83,2577,2568,1924
2994,2266,2183,1215,765,3524
1236,2281,2715,601,1261,3160
3143,1130,2954,1470,2552,999
2480,1799,1268,1003,2026,884
2798,1679,1232,1592,2251,2248
2737,806,1620,226,2298,1701
2712,288,3126,1497,2454,2534
2183,2266,2992,1208,3338,3448
2333,2600,2842,997,1868,3363
1711,2034,2731,8,2001,2855
2627,2155,664,2369,855,3137
1519,2841,508,2864,1177,1258
1180,1766,66,2168,535,1728
3064,79,2217,3499,2007,382
1312,173,1601,2389,1732,1459
2987,3209,3443,3423,2306,798
2421,3467,930,2342,1629,1198
1272,2527,1995,1088,511,2848
872,3394,1935,3146,656,2157
2415,652,2659,3287,3078,46
1657,986,349,2101,563,2178
3046,409,1571,362,1059,1134
1633,1421,3042,2472,754,580
16,2816,3362,2099,3069,1429
2518,1212,2798,2251,175,1592
3072,2397,1902,3440,3454,2337
3144,1564,2392,1856,1441,2973
130,1903,1377,3134,671,1267
1209,393,2715,601,1637,2147
422,1634,3023,1135,1302,492
2672,882,2796,3044,1037,912
3400,3126,3228,3020,2712,1654
26,1577,2898,2901,1812,1436
1003,2051,1799,688,540,2146
1316,1273,3502,2207,1908,3322
1745,155,1870,2900,2181,2958
3354,3151,3043,1624,608,2602
958,1430,3511,2605,1663,3284
2779,2392,2110,3436,2343,3144
315,331,602,641,740,168
65,1901,2939,1032,1824,3327
1444,3021,1886,2654,1809,2249
1295,141,2212,2931,2917,2564
181,1803,2517,2360,2461,1191
673,3354,8,207,2855,3519
450,1333,729,2082,3349,809
2275,3118,3198,163,468,3520
1788,1707,2514,2145,2758,840
2444,249,222,776,929,660
1590,2928,2732,2618,149,2787
619,2864,239,30,1519,1219
2917,1537,2691,1295,1982,1385
2010,2603,1403,337,2087,1550
2380,2715,1643,3379,2281,1209
2862,1195,811,970,2460,1500
1603,3265,2981,1936,1153,1044
1963,614,568,2719,730,2224
2422,878,85,3213,2297,1472
249,1613,2091,2364,3350,1744
1046,671,2845,1377,2594,1235
1862,2026,3393,590,1211,1799
2961,3217,3318,1338,2883,55
2780,1738,2999,2840,681,1534
2300,320,2020,1835,1976,1299
1561,1225,144,511,1445,2848
885,1242,1908,3322,295,1547
2146,2550,1003,1977,884,50
1975,2379,1680,690,887,2053
1291,2742,2325,317,2209,2526
1754,1085,2142,2413,67,1001
2354,833,356,3120,533,2613
2640,689,2997,380,2001,1416
479,3343,145,2746,3426,2947
2800,3104,2061,2565,570,3243
995,1594,3515,3158,2668,2844
306,947,1409,2850,2894,2370
2613,1033,3308,356,2697,2529
1397,577,2637,527,2293,1352
677,2651,1565,3327,49,610
328,3472,2768,2503,2704,2537
470,221,1905,2102,2956,428
3506,2159,2673,2290,1055,950
6,368,246,523,1948,1872
317,1276,2280,2742,1559,48
925,2511,971,1969,2362,2662
1855,2047,692,1668,2075,325
2092,2257,152,84,1375,2154
2457,1250,1385,2917,1259,2564
1467,1545,560,1911,474,2117
33,1640,1371,3272,34,2193
77,521,662,3075,3052,3197
2020,3298,828,320,1946,1271
1872,3449,3226,6,2996,1206
166,1880,1480,984,1155,2809
492,2177,1237,3226,422,1350
2050,1996,2573,2851,2004,870
722,1500,792,970,252,2804
451,1316,1782,2882,1839,2989
2282,3048,3367,1787,2978,347
501,3321,475,39,2256,1353
3026,323,891,2179,3175,3017
3260,1700,2024,657,2554,2544
177,133,3402,3416,562,1324
3331,3237,2093,29,2887,2734
1222,173,2314,2080,2389,2463
2561,1050,1816,851,342,2176
1345,3055,1616,1045,881,2218
108,879,3347,187,3047,3063
1242,1305,3502,2207,1782,2882
505,1703,176,2426,2054,2344
3289,474,2888,1482,1545,2854
2355,153,2976,2678,704,1954
193,51,974,508,847,595
387,2372,2482,2974,2390,2346
132,883,2649,1092,526,1503
1760,3109,2419,297,3351,993
562,2376,3461,1310,3290,133
716,195,579,1761,2658,1075
2977,1596,39,1452,1353,1346
1929,364,60,312,498,2918
533,2905,384,833,2277,691
395,1379,1071,1075,2264,1653
1474,2604,1060,1867,1829,2405
1940,1133,2036,2166,2727,1628
784,3316,532,341,589,2993
3390,3349,2331,1253,450,1582
3520,2521,98,3198,2587,3173
903,1736,649,631,994,2933
3370,386,2375,2358,3227,529
3441,2429,2629,1661,3425,1201
430,55,2961,1269,1818,760
991,536,115,893,2628,3074
2504,1885,411,3002,3379,2758
432,171,1672,578,282,2674
3450,1380,2056,1114,284,3066
2475,2810,1052,3256,3259,2904
918,2210,2943,440,1110,41
1314,2921,1616,1045,2919,3464
1452,2895,1326,1682,2890,1596
867,2132,1404,563,2109,2058
915,2385,2284,2128,425,1832
2195,3000,435,3386,2279,2317
3139,2486,3226,3449,2177,1302
2408,3205,1001,724,3213,52
2799,527,577,1720,1285,2684
39,15,1307,1326,3321,1596
3310,538,158,3482,1144,1091
614,2209,2742,3314,713,3065
2504,1894,840,3371,2374,1643
7,2697,3216,708,1033,2134
3137,1089,1506,2179,664,3017
1926,326,1486,1526,400,1508
144,3491,1561,477,1146,10
9,2519,3461,1765,3290,1959
3038,355,2434,260,3519,207
2363,3315,1974,2124,1022,2496
1028,1984,1844,1407,2443,3232
1728,3007,2168,3005,2791,814
2417,3365,1928,3192,1883,471
1588,659,3004,1864,3025,2623
113,340,982,582,1933,985
2730,715,1169,1635,2941,3229
1049,1462,1730,3193,2856,1053
3033,3077,1297,1640,927,34
959,223,3270,2013,3163,3509
2709,2081,3036,2162,2705,2174
1086,524,228,1616,2076,881
2791,335,152,2257,2656,1294
1811,900,2922,1527,2226,3088
3134,1235,1099,2446,1267,1046
1142,2060,2772,92,3,1748
1329,3156,1761,2052,1071,1075
1342,1972,2783,680,2056,284
3039,1112,997,447,493,988
1927,2199,646,1656,697,1931
3263,2867,1986,710,1975,3223
1118,2097,1073,749,2776,3427
865,1295,1122,2457,1537,1259
1513,3115,1498,2540,2555,2772
2767,3248,2498,428,528,3451
3411,2594,955,2835,2581,671
363,2222,1521,3525,354,2843
2502,3097,2438,86,941,3382
10,2537,3491,1951,328,3339
796,3035,1140,942,910,2990
2471,954,154,2425,473,1830
1732,834,1067,572,1617,2577
2873,1446,1542,3168,1965,2088
1743,2201,3124,2332,277,1428
2711,1285,2706,3415,2637,527
2871,3094,2083,2283,2131,2115
844,2269,3142,3391,3180,2477
2250,1942,2964,3146,656,1448
1625,1196,2410,345,1962,843
1101,3099,1563,1947,1190,3251
2087,1607,98,1260,2695,2603
2400,2109,2743,3202,1347,867
2899,2430,466,1753,2239,2757
1422,2310,2449,106,2781,2942
1569,3232,1364,2291,1028,2756
2601,3342,3409,2167,520,1538
3221,2894,2560,2571,306,1283
2381,1576,102,1674,2249,2424
182,3079,2244,3334,2153,3307
1517,690,2820,1680,47,1751
2348,3382,1853,2764,3097,1449
2921,2465,542,1200,1822,594
922,2311,2103,147,299,2440
3262,2001,689,100,1279,1711
2740,3239,1179,846,3098,2165
2394,352,1690,651,1453,1797
699,2852,442,3458,768,1949
1708,1195,21,2689,3399,2416
89,2472,1851,1230,580,1077
351,1406,674,1907,2449,2942
3368,785,723,3513,2836,2126
1454,2819,698,2906,388,3488
1575,108,1161,1109,625,1730
679,2203,2229,2315,2846,1466
2698,2646,2216,2015,1842,3188
2585,2332,1743,605,1396,2739
1019,3069,584,2099,1501,1231
2605,3284,1955,958,1245,907
514,1776,2145,1136,209,2040
1487,3477,3238,3153,1062,3184
2448,265,837,1029,1542,2088
2538,2013,2180,3509,3006,2649
247,2583,3264,2575,2151,1494
2610,3140,2898,68,1577,1240
2714,1724,69,1163,169,1800
3116,2503,253,2287,3472,1126
930,2011,2421,2647,2501,3183
571,3132,1189,2106,453,2211
646,697,2392,2889,1564,1234
1649,3032,2716,1813,949,2152
2793,1565,2331,677,1582,983
3021,1249,3304,1886,1814,1076
2848,2593,1272,1516,1561,719
1395,2156,2663,2617,1965,2088
3407,3333,1691,816,1102,823
405,2964,1825,2321,2214,3255
1853,1004,3382,3128,1413,992
1068,1015,2932,231,276,343
1057,3218,848,1111,732,1580
1346,1734,1326,1682,2977,2263
352,2394,3529,3305,873,2186
2773,1424,2687,2326,698,388
2551,191,2431,2091,3350,24
1111,457,1057,197,1166,1860
1608,2084,2492,2290,643,3495
3154,2115,739,2607,675,373
2389,820,23,3271,1601,1222
1638,2781,2774,2310,2762,3445
2491,2221,2255,202,414,1820
2432,1370,2048,1053,1580,2856
3054,3085,693,2676,2090,2153
3474,1796,1864,3507,1752,3192
2933,263,2035,903,661,1485
2693,2315,935,679,2670,1426
2129,2898,1296,26,560,1911
3133,2699,1677,2665,1105,3041
2596,2951,2455,1900,2133,2545
2954,1130,117,1210,795,2704
1926,1646,217,3194,377,185
2297,3204,905,878,1156,1265
3451,2852,3248,1605,2366,632
1330,2822,1060,1867,73,3050
529,55,386,2531,3217,3187
3181,2045,1767,2243,500,1502
2490,801,1048,35,228,3505
63,167,3125,1801,1683,2059
603,2666,2094,2230,3446,365
984,166,1301,1710,2114,206
551,939,2439,2273,1858,2529
627,2888,3289,1318,3105,1755
968,980,1819,2950,2717,2335
162,2257,335,259,1857,1766
336,903,263,391,1465,2539
217,1508,3169,1038,1359,1926
1432,2616,3153,3184,1062,3273
3050,791,2371,2782,2822,2241
3435,3185,485,1907,420,2305
180,1997,3130,2306,322,1718
467,648,2395,3084,1096,2339
1537,1070,2242,2690,1122,1946
2775,1717,1849,1893,1689,1034
291,2575,2583,851,1435,2176
1983,586,2645,1072,615,2462
637,2303,933,943,2586,1002
3126,1007,1966,877,1214,288
2540,1386,2215,2772,3,3266
3475,1914,2691,1504,1982,279
1304,722,970,1708,1195,1262
575,584,3069,170,1429,1047
1767,56,500,1897,1476,3172
2649,526,2180,1322,3509,132
2552,279,1499,1810,3475,3143
2863,2716,1520,2244,2057,3307
940,1358,807,3137,1514,2179
2647,3454,930,486,1629,3072
1486,1913,499,326,1038,1359
2358,1815,3370,1753,3468,2757
3130,641,315,3434,559,1997
978,769,2420,2734,3348,423
3352,3525,120,363,1147,2534
1386,3115,2633,3335,2555,1058
2983,2179,323,1807,1506,807
2402,2244,2863,182,1989,2723
719,1789,3010,1445,2848,2219
2818,3510,1412,2913,2820,47
2908,3383,1641,1524,170,2078
1219,3507,1177,1258,3474,239
2066,2029,2057,669,1505,2863
1129,354,1389,2763,363,2877
212,1627,2661,1193,2803,309
463,775,407,2435,678,3361
1639,2078,2908,1518,174,496
2566,2626,369,2696,1670,2085
400,3194,2133,1359,2545,1926
2922,558,2024,3486,1376,900
1777,2832,2760,545,703,344
1582,2793,2770,3206,797,2713
58,2574,89,2472,989,3195
2868,982,2554,2510,3260,340
2025,1858,2439,3216,2569,1964
319,37,1722,832,686,909
994,681,2999,1736,1270,370
1881,1740,3453,3212,2238,78
800,2436,2743,114,2622,379
1259,1492,1982,1385,2690,1122
3409,520,123,80,1709,1408
1039,952,3027,1937,2916,366
2388,1032,188,983,168,65
1606,1897,301,56,2877,1502
2088,2879,1395,1433,2873,265
2450,2644,88,1016,1018,989
767,2760,114,1777,379,2064
1296,2854,1318,898,474,2117
3221,829,1110,891,2327,3175
2837,389,3322,3186,885,1273
3276,3282,3009,3003,3189,3313
2530,22,1171,308,2844,1948
3342,198,337,2010,1260,257
3395,3444,1556,3153,3184,2211
3299,570,476,2353,2588,3104
2281,118,2380,3089,931,639
2173,1867,2405,3050,753,2401
611,1881,2256,2500,501,826
2211,3152,2106,1551,928,3444
2268,2204,794,2079,247,3028
2638,3203,1773,742,2395,294
317,48,1108,2345,1291,1952
2404,2722,3324,2255,961,2487
1272,1146,1360,2593,144,1445
880,779,702,2214,1626,2621
1190,3166,347,1402,1150,3099
583,1234,2889,1441,2973,787
1443,610,3390,1286,2331,677
1741,443,1123,3428,1841,2648
3490,3518,2009,619,148,30
2979,2171,376,2258,3019,2139
647,770,1407,1028,1675,2756
723,3368,3037,665,248,2373
1059,1229,3086,2771,3046,1801
483,1928,619,3490,2417,239
3457,2287,3116,3460,2579,694
3487,2980,896,3517,2407,2834
1425,1109,187,108,3176,628
1410,2600,1809,390,2249,2424
2610,1240,145,1436,479,1812
727,3209,1593,2909,2987,956
2451,1078,3101,2795,687,3119
1111,2856,3218,1462,1451,2432
2744,2597,2433,3150,2284,1899
1529,797,2331,3349,2793,1443
2473,2252,513,2907,3283,2459
1958,2076,2915,2464,852,524
281,137,2786,3526,2017,2071
3433,2514,3062,2374,2599,1136
2797,2074,3236,799,262,1924
974,1367,3025,2623,2313,193
2891,1794,3485,3267,2703,2174
1257,2569,2732,2618,2493,2025
2713,1609,3423,1132,2770,2484
1679,2798,2248,1212,2875,2386
322,3259,2987,2475,1578,727
3157,3158,1282,3164,1171,2844
2223,2727,3246,476,3174,227
2468,1326,2895,15,1353,1346
371,3031,2553,1139,36,3431
2235,234,3083,210,1065,2295
620,2880,2669,3060,2790,164
2414,3004,2259,659,462,2923
830,1222,1732,1459,572,820
2262,2261,2137,553,2042,324
199,1263,2981,1936,1153,1044
1861,3001,924,971,1969,3071
300,2366,3451,2962,1473,142
2877,1541,2701,301,2763,56
1642,1403,2695,2603,250,1833
1778,1457,2688,2046,643,3495
956,1591,3209,2485,3423,1132
2377,949,1107,1670,2755,1813
3303,738,2771,1742,3086,1945
333,3063,43,2299,1054,879
1712,1266,2437,3432,3350,1744
2592,2161,3326,737,685,2710
3219,3257,695,339,214,2136
881,2919,1374,1086,1314,1345
2577,2589,1394,2037,1067,1666
866,80,123,1124,2319,3381
855,3061,2155,2653,280,2721
2720,2298,1213,3136,2737,806
2132,2667,3223,2018,1000,3369
48,2444,109,2164,1831,2280
2356,1084,3170,2285,2915,852
2412,3519,2602,1244,3354,3038
1401,2198,2410,345,2663,2216
2474,702,2761,3147,779,1562
3295,1522,1194,1120,2803,309
3281,2166,1133,2515,1331,1664
930,700,3467,3454,1224,1507
2542,682,2741,82,3249,728
822,259,162,42,1916,2049
3131,990,2729,2446,264,1729
1230,2472,3405,2574,3042,3364
1237,183,412,484,1135,492
1169,2829,2730,1369,2562,2046
415,1013,148,1082,2009,341
2715,1760,587,393,411,1236
2113,1460,617,2762,3445,1141
1524,2418,985,1076,2908,174
33,1297,3033,1371,3197,2639
113,170,575,2908,1518,2567
1808,1607,338,250,1833,27
3379,3371,2504,1261,1356,2380
382,884,3462,79,2480,2550
1836,2520,3452,1951,3339,1010
1776,1471,377,185,2599,2920
383,459,3023,1187,1135,2824
1707,1788,2270,609,2738,2225
3032,1442,2057,2716,2939,1824
1974,1920,3315,2305,2393,2881
2918,914,1929,2974,3319,2346
396,3346,3241,864,3403,2357
2765,1075,395,1802,1329,195
1877,3228,2712,2706,1239,2825
1890,2493,551,2541,2439,2569
1931,2411,944,1382,2702,2199
1228,400,349,2101,1939,326
932,3459,569,3514,1041,2445
2562,1889,3122,2829,327,2231
2753,452,3513,2382,3258,785
3425,2150,2702,3441,1337,2619
164,2496,620,3297,2363,1922
1106,3511,348,1994,958,2532
701,2515,2166,1628,2578,3281
1795,926,3318,444,135,2234
2037,2349,2650,2589,1617,262
469,2879,64,1758,194,2162
2043,2617,1293,325,2156,2047
1024,3024,3388,146,3297,1922
2755,369,1610,2626,2377,1525
78,2291,398,2500,3232,2200
578,1688,432,1341,3090,2674
5,3515,403,2748,274,3233
2424,111,1410,2288,2381,2299
1028,1826,391,1569,770,2539
2014,1796,2271,471,957,1145
1105,2735,1468,2981,3133,1153
230,858,192,2245,3328,2779
1592,1212,842,2248,2798,1044
2820,1986,1275,1975,1412,690
2858,1877,2334,2077,2637,2293
2890,2263,2507,1452,1346,1005
793,1801,3503,426,167,1478
973,1761,618,716,99,3156
3145,1852,16,2816,3376,1811
3316,3029,3527,1082,2520,920
2857,1192,160,3392,238,1055
1672,3090,578,2191,159,2401
1849,1493,3375,1717,1762,744
651,1797,3003,1418,240,3313
823,2381,1447,3047,111,3407
2488,2144,1716,2419,874,3351
1786,1695,378,289,242,3480
849,3016,712,3129,477,2725
1693,289,3480,378,1040,510
2499,850,2307,40,3340,2688
998,3412,1911,2117,358,3332
3404,857,803,3049,1735,472
2937,127,2601,424,2167,1139
1167,1309,2086,2554,2253,2544
853,1757,2298,2737,2982,3136
387,2842,2654,1868,1095,1971
3371,1317,1894,931,2344,176
1871,646,1927,2889,2632,1170
2136,3167,1843,640,3249,3257
3405,208,1043,1973,2546,3059
1648,1255,609,1788,3002,2758
1420,2689,1500,1195,624,722
2141,80,3117,520,734,1538
2114,1480,2187,984,3166,1301
100,1217,2001,2855,1416,3043
2733,1613,2849,2925,2437,3432
1122,865,1121,1159,3141,2242
2947,3343,2701,2763,431,753
3414,687,3119,1823,886,1579
874,3159,1692,461,2488,3113
1493,1034,1689,1849,1893,1762
1822,3130,180,2465,1490,1992
850,604,2492,758,643,600
112,2684,2901,1812,2799,1352
1184,2685,57,810,2754,2359
2724,1181,686,680,1533,319
2260,490,2334,2135,541,27
2634,1437,169,464,1800,2785
1201,573,3074,2952,536,2031
3418,596,3445,3498,1141,419
1175,2494,1120,309,1163,1800
535,1365,1220,1042,2168,3005
623,264,2296,990,2687,1632
625,1053,1161,1370,1049,1425
517,1983,2612,190,615,2462
1394,572,173,1067,1601,1222
2278,1012,2556,2229,600,3340
178,1452,2977,2263,2041,2945
472,1056,1698,1148,3404,2802
1335,370,1534,2946,649,994
762,401,2021,3358,271,3196
2459,2473,1270,2780,196,681
3247,2748,3251,1101,876,908
1535,2404,414,3476,3453,3212
1566,1841,443,2648,25,3055
3125,738,892,3303,96,63
2402,1396,277,1428,552,2585
3432,2364,1613,3337,1266,789
1243,3501,1870,2900,736,2353
2786,61,2071,3526,2055,2169
1112,967,2396,554,71,1884
92,2662,2060,2869,1378,2598
3084,1791,467,3200,1970,19
3412,2907,491,2252,898,2759
329,47,324,690,1412,965
1864,2271,659,462,1796,1464
2757,215,1509,1405,2358,2899
101,1277,200,512,2142,2413
201,3105,3289,17,2205,1482
2664,630,342,2316,2614,748
853,1701,888,2737,2189,3242
2162,2873,1667,2081,2879,1087
2497,337,951,2603,3521,1833
1323,1637,2419,297,587,393
1684,1075,1325,1379,716,3156
3375,565,1689,751,1849,1717
1002,3298,2303,2052,2016,2194
3272,2193,2270,764,461,3113
2519,1945,1361,892,9,3290
1180,1220,335,2168,162,1484
1502,902,1476,56,2243,804
3187,746,2127,1818,357,232
1026,2390,1845,2368,2265,2372
986,252,2058,3369,624,722
2079,258,445,1203,3235,495
2563,2774,485,2881,2781,2942
2395,1876,1558,467,3200,2638
2458,1947,908,3251,3112,2360
2870,1950,81,4,3114,2645
1431,1646,2599,2920,2040,1136
2064,1528,1544,2295,344,2760
3122,1608,2307,2562,2688,2046
1815,2301,2628,3422,1859,62
3077,3033,599,3317,2962,142
2513,3049,452,3311,803,2184
1839,2207,1305,2876,1316,234
1141,2632,2113,3418,2420,1871
2505,718,516,1887,2065,720
404,3046,2571,3503,1134,426
1693,3022,242,522,378,310
347,403,1306,2282,1190,5
1255,2145,1648,1707,514,2225
1516,1182,1088,1097,2848,2219
3185,3211,2267,95,2591,622
1749,2985,449,3199,3200,19
1063,238,948,2745,261,2857
1089,236,119,503,934,636
2073,1589,296,2276,3267,2703
1665,821,135,2234,2914,2860
1464,1676,1752,3192,2271,471
1690,240,3003,1418,696,651
3161,976,2324,1806,1151,2063
688,3393,1211,1241,1268,1003
464,1163,1175,1724,1727,1437
1683,3086,1059,1478,63,426
2315,195,2765,1653,2203,2692
270,1251,964,3112,2517,2360
3199,202,2985,125,2557,2491
123,2319,1843,3409,2680,3167
653,2063,1798,3177,3161,1104
323,1116,1035,1514,2983,581
3165,1642,2320,541,27,338
2249,1868,2654,1576,1249,2600
3207,3143,2072,1504,279,2254
3362,1376,16,3145,2922,2226
2901,479,1240,1720,1577,2684
740,1442,1107,3032,1610,949
1076,2341,1444,2418,3021,1978
1509,1779,3468,1859,2757,62
2904,342,2664,1313,1052,2561
3258,1148,472,2289,3325,2753
746,760,3187,1768,1338,55
2335,374,1483,2525,968,483
1941,202,2221,2897,1461,598
506,361,2724,2361,686,2044
1200,1718,2810,1414,180,2465
3119,3101,3224,2750,3414,293
2057,2066,2939,1901,1649,1248
2321,2214,2277,1448,405,880
122,1675,770,2539,3516,631
448,2070,2936,254,2859,2535
3366,2095,2620,3254,1993,621
3162,1060,159,2604,546,1330
3191,473,954,3245,1393,3478
1952,109,750,48,2788,1622
2729,3131,2284,2744,2385,1348
338,2603,1642,2497,1607,1759
2258,1024,2452,2171,3388,330
1976,2072,2300,2089,1271,350
1645,2520,2725,3527,1951,712
3387,1964,2618,2478,2025,3528
670,2208,1070,3301,2016,828
3504,1782,451,765,1305,2876
3169,2535,2466,217,2070,185
25,2218,1741,748,443,3055
2073,2216,566,2646,2198,1427
3249,1805,2319,82,1705,3167
391,2443,336,129,1364,1028
2390,2006,2368,1769,2396,554
2624,2185,2609,3240,23,2969
2450,243,1041,2445,3195,2111
360,766,2138,2955,2938,417
1689,1205,744,1493,3375,2775
3492,3503,404,793,1152,1158
2102,1421,2956,89,1077,272
3376,1685,1066,2816,869,16
2172,1449,2348,1413,992,939
1074,3163,3124,1092,2823,223
2047,1293,227,692,1962,3246
447,2973,3039,392,3144,1234
259,2154,1484,3274,2257,2485
2529,1532,1481,1033,2439,3216
3468,2628,2952,1815,536,1779
1166,2330,3323,2932,1456,457
2237,1604,441,2362,924,971
1268,2182,590,2026,304,3402
445,3028,2204,2079,53,1771
2623,1752,1367,3474,1464,659
2878,1168,709,1967,685,489
650,2714,3330,2387,3355,817
2405,3050,1330,1474,1554,2604
2654,2842,1809,1702,2600,1216
2611,1100,132,433,966,121
2181,736,1970,494,1243,1745
3418,1704,2632,921,1170,1783
1300,523,6,2996,707,1290
1884,3073,967,1987,1157,1020
3203,491,1096,513,663,2907
2011,2286,3142,2378,91,537
1773,2722,2638,714,449,3200
1654,3228,1681,2858,2706,2637
2307,811,3122,2499,2231,2862
2452,550,3442,1024,668,146
166,1301,1155,3294,2809,206
2500,1535,1555,2238,826,78
225,3296,864,3403,2738,2225
2192,1928,2525,313,3365,1366
71,1873,1747,2636,967,1987
1340,2488,587,3159,411,3002
3304,626,1249,1444,102,2249
2508,720,1784,3180,2477,2505
691,2023,1925,2120,717,802
1659,2329,2231,635,3300,327
1655,2541,2172,73,551,1957
3234,1955,1078,907,2968,886
848,3214,1057,197,226,3242
3009,1034,1493,696,2775,3276
1356,176,1703,3433,3371,2374
436,1098,2861,2620,3012,3366
2085,3085,2626,3103,2893,825
1541,3172,1502,56,301,500
264,2597,698,2906,2729,2744
407,2284,2433,775,1581,915
3360,3080,2455,1909,1469,2596
672,1248,1824,3327,2066,49
3454,302,700,1233,2847,2397
760,430,1235,130,955,671
458,2586,1117,2570,2264,933
827,960,1288,221,428,528
3233,3247,3040,612,995,2100
3435,2942,1489,1422,485,351
295,3502,1273,3027,1242,2916
2622,3080,3360,1900,800,3215
824,348,772,2227,3512,1106
2117,26,1296,1697,1467,998
3093,2131,622,373,3211,2871
2384,1508,2206,2101,499,326
1499,2020,1982,279,2690,2300
220,126,2123,2963,434,2694
2030,3341,162,822,1180,1631
178,2897,3095,1941,2027,2988
2576,394,2253,2544,3121,657
2576,139,525,3121,92,2253
1650,158,538,2563,2393,2881
2523,314,2965,293,2827,72
3306,3297,2496,3024,1669,1662
2966,1986,2820,2818,273,3263
2568,262,2797,1207,2037,1587
1888,2565,717,3147,802,2800
1471,1359,217,3194,1486,1526
2632,1382,3348,1931,1704,646
2525,1883,1572,483,1366,2417
3319,1327,498,2918,1651,2328
2470,2949,507,618,275,413
3348,1656,769,1927,944,1382
3385,932,1961,88,2959,1018
2567,982,558,113,3486,1368
2949,253,446,3116,2896,2579
3394,2157,708,2134,1226,3408
1044,3265,1603,1149,1263,199
761,366,1539,597,1039,3361
278,1144,1006,3310,813,3331
349,2133,2903,2596,400,1657
1331,2621,2036,2166,779,2578
3095,1820,591,1917,2221,2897
2964,656,3255,2469,1400,2250
2936,3344,290,381,2403,2546
283,370,1186,196,808,681
738,892,2519,1765,1742,1959
2690,828,1492,2020,1070,1299
1774,2458,3251,1991,1402,3099
246,308,2530,1290,368,1549
3239,3082,3458,699,1419,726
2870,1775,4,2118,962,81
712,3339,10,1391,1836,1645
1831,2345,750,48,2853,1559
2548,562,3473,177,2481,2122
2678,3460,2976,2287,1126,1319
1891,3234,907,3284,1430,2605
93,3410,357,2175,232,3030
73,2348,2172,2371,1890,2822
1584,2915,2464,1094,2489,852
892,1179,2519,96,3045,9
788,3094,231,2283,1015,2115
380,2959,2104,2640,1932,3385
3246,2410,1196,1855,2047,1401
730,1264,2805,568,776,660
1837,3216,2025,3528,1532,7
3168,2663,1395,566,2198,1446
877,1497,3420,288,2524,3011
745,489,1865,818,2878,2471
2368,554,2080,2314,967,1020
971,2662,1604,1292,3001,2511
19,2181,494,1870,1749,3084
1095,3021,2654,2341,1702,312
2361,1380,255,2724,2783,680
3059,3364,1706,3430,3405,504
1022,1650,1363,420,3315,2305
1275,1986,887,1680,2867,1383
99,1835,973,320,2089,1271
50,1204,2323,307,1274,2146
364,2418,2814,2341,582,1814
2456,3138,2635,889,2170,2926
2705,3041,2709,1154,2699,735
1145,459,2014,179,2559,412
2691,2690,1537,1914,1259,1499
1731,1495,615,2462,586,1072
2666,1364,2443,3232,667,2200
1160,2279,32,3000,2467,332
2820,1680,1923,1975,3263,1383
1157,2636,910,1873,2990,1884
2995,3437,2,632,359,768
552,2863,2944,2402,2029,1515
805,2675,2940,1128,683,2660
1947,2957,2458,3099,2442,2682
3434,2465,2630,3130,1718,567
2431,2620,3127,24,2095,1828
2292,2532,1106,1663,1131,2838
511,1162,1225,3155,2527,218
353,1303,781,2004,870,307
559,1490,1510,798,3130,2306
3367,3397,1137,1206,2282,613
188,798,3206,2388,3443,559
2976,3123,2143,3460,2642,694
1416,2731,1279,1711,2997,1217
2787,3466,2928,2769,1257,3387
261,3481,3020,160,953,238
2998,836,2573,781,1996,1303
2750,2302,3224,2559,72,1187
2482,2333,1845,2390,493,2396
382,773,1221,3064,3462,79
2150,3013,815,2777,3500,3051
374,148,1013,3490,1567,1636
520,1260,2141,2087,3342,1550
1439,1875,91,537,2501,3183
2028,2245,1140,3201,230,2777
1434,3006,3509,1372,2538,959
2559,1676,1981,2302,957,1145
125,2557,783,3188,1427,2698
2303,828,1838,3298,2208,1763
2220,777,281,500,1585,3526
3369,2022,1621,252,2804,2667
2708,2634,3406,3286,3337,2641
1914,1299,2690,2300,1946,1271
441,271,2237,762,46,1737
679,2018,2804,2667,1021,2693
3120,833,1888,691,871,2120
3486,1309,1527,3260,900,657
2618,1532,2569,1964,1590,1837
2182,1268,2911,1862,2480,1211
2988,2703,2945,1917,178,3485
2776,942,2012,1118,1140,3201
966,669,2944,1520,2863,1989
1916,495,1180,3341,66,258
2615,438,1201,2429,3074,1725
3305,2969,3455,3529,2624,105
346,461,874,34,2193,76
280,1217,3061,241,2731,8
661,2547,2542,1465,682,2933
2761,2727,779,2223,1331,1940
1207,1666,1617,262,2577,1924
3154,237,1174,674,644,2449
829,172,41,1035,2935,581
2920,209,1776,254,1431,204
3095,2977,12,178,972,1734
2137,895,3150,2261,2960,1602
1668,325,837,2617,1165,1293
686,2051,1821,37,361,642
1476,3181,61,2243,2963,434
3495,2562,1608,2730,1778,1635
1855,1293,2156,1962,2410,1668
1053,945,2506,2406,1462,2432
291,42,822,3312,1631,3357
1303,2566,2573,2851,406,454
1241,2044,361,642,688,540
1071,2194,1002,1379,1763,3156
545,690,2379,2832,1275,329
1080,2344,1317,375,505,1183
576,2169,2071,2313,2892,1746
3066,2783,1342,2125,1380,3456
1824,1520,1649,2066,2716,1505
3369,563,2132,1770,1347,986
1138,3125,3098,167,2165,1478
1378,3001,3,1748,634,2662
305,3243,17,2205,2800,1281
129,151,1037,2443,3053,667
1806,976,1798,3177,3161,1104
1777,2322,767,1065,1544,2295
2631,516,285,718,2351,1784
1520,669,1824,2057,672,1901
3514,592,706,2811,2094,569
1192,3483,2107,2378,537,11
51,838,2123,2643,2694,2202
2466,1827,3015,2859,2535,1840
3320,576,1746,2055,137,2786
1810,1835,279,350,2254,2300
1794,1842,296,2276,566,2646
860,1587,140,2650,799,262
325,3281,1293,2749,692,2970
228,1584,852,524,1048,1374
2858,541,1681,3165,2334,2309
1524,2422,496,85,3383,1518
1771,2204,445,1203,1863,2268
2314,1968,173,1312,1020,3208
1373,1087,1758,3267,2162,2174
729,2462,1253,1072,190,450
759,2131,1398,622,2871,3252
1457,844,2885,3506,2492,2290
1896,2696,2626,3103,1525,832
2554,2868,1058,2633,1700,1167
2141,1403,2587,2010,98,1260
1542,2617,837,1395,1433,1446
2896,973,350,1835,2470,1976
103,993,693,3054,2752,1463
929,3350,1455,1266,2551,249
1294,977,152,84,1011,979
1091,1173,1311,2887,3310,3331
2230,2811,706,1479,2067,603
3024,1828,3127,1993,3306,621
2992,2190,3338,2391,639,14
3378,3404,1384,1056,1073,749
709,2653,2369,855,2878,2700
1231,2533,2816,1429,1019,3376
3386,612,3000,3040,332,1906
2178,326,1657,1228,1913,2384
1851,89,1288,2956,58,470
251,2440,3329,2821,1415,922
1961,1116,897,2409,2640,3385
3463,773,2130,3462,2608,480
1440,928,3132,1556,3100,2211
160,11,3481,1192,2068,963
882,2830,2672,2352,946,3014
1000,1404,904,2132,3202,1347
2522,1246,2779,858,515,2343
3195,504,1847,2574,3364,243
661,3044,2542,2796,2741,38
2420,1638,978,1783,1141,617
1150,1710,984,3166,1480,2187
1458,2283,675,373,788,2871
2202,2606,919,429,2337,1090
1911,898,1296,1697,1545,3412
4,1950,3484,2870,1178,962
2469,2134,3308,656,2697,3394
871,802,3008,1888,2023,478
2548,2311,2572,2655,819,906
177,819,2548,233,1953,304
847,2694,1915,2069,220,51
2496,2160,1363,3306,621,3315
346,3456,2056,585,3066,927
224,2836,785,725,1423,189
3227,588,1768,357,386,3187
425,2910,725,915,1348,189
1467,68,560,2898,2304,2438
480,2608,2582,2105,3463,2911
622,1912,2083,759,2871,1398
1347,1621,2109,1000,2058,3369
1939,2545,1469,1526,2596,400
2119,708,2697,3394,1357,1935
1723,468,490,250,163,27
695,1705,3249,3257,728,1615
389,2837,2042,2960,2262,1602
2938,3152,814,763,360,1848
2979,831,376,1568,3060,2171
2984,303,2239,2931,2817,2430
2087,1709,2587,2010,3117,520
200,67,3171,3091,1277,1754
90,704,2642,2342,2000,2976
3450,1692,874,3351,76,2826
1136,1788,1255,2514,1431,514
1274,540,1003,1977,1241,1204
3424,601,2197,1125,393,1236
3389,256,878,724,530,3204
451,3270,3504,385,3225,959
1661,2008,3500,3051,2619,3441
3341,495,247,1203,2583,1435
3307,949,2716,3079,418,1442
3334,2676,1411,3054,3079,1463
1857,84,2257,2485,1132,1294
1218,280,1619,940,855,3137
2047,1446,2410,1668,2663,2617
1935,3408,708,1119,2134,1226
2790,1022,620,2591,2363,95
2286,3391,1289,3506,3392,1055
2124,2652,3315,2393,3254,621
2710,737,119,1614,2592,934
3036,1758,469,1373,1667,2081
2332,3070,2718,2201,2391,2543
3065,2280,776,730,1622,2444
96,1179,3098,3125,1417,2059
1628,2578,1331,1940,1664,701
2601,2680,1408,3409,127,1699
335,1220,2791,1766,1365,1728
2055,2963,220,61,2892,1746
2635,18,654,2456,1014,547
3388,2792,1568,2979,1834,2258
1890,1853,551,1957,939,2348
1554,2707,2405,2401,1867,2191
2705,3267,1373,2891,2081,1589
815,3030,93,1956,3522,3013
851,2427,1050,2575,1313,1494
1302,2292,422,1350,2227,2486
624,2101,986,2689,1228,2384
3017,1514,1308,1358,323,1506
3509,1503,1434,2649,2013,1322
1970,19,1870,2233,155,1243
2026,1862,2608,2911,3402,3416
1215,1208,3070,3524,2902,2992
3311,3236,3049,2797,1781,3111
367,1846,3068,3494,2609,3240
2399,3529,873,2213,3358,1453
3166,1710,3292,2114,2442,1150
3100,2794,481,1011,3132,1023
3242,256,848,1757,732,888
2391,2543,2934,2096,3089,639
2401,3090,2707,1688,311,2604
1883,183,313,3365,913,179
34,1764,3272,2033,1297,461
320,2052,99,3156,3298,1763
1088,1349,2527,1182,2317,435
1128,510,805,378,2807,289
297,103,2147,393,549,3424
1625,566,2663,2216,1965,1842
1382,192,2411,3436,1656,697
365,3232,2666,398,1984,1671
2718,1396,2823,2163,3124,2332
2606,2116,2643,838,2069,429
1426,2692,2278,1802,2229,2315
2079,1863,2268,3028,1557,445
17,3421,1755,2061,3105,3243
3374,499,21,3110,1913,2384
3322,1782,1242,2235,1316,234
943,3107,1838,670,2303,2016
1355,2526,1276,2975,2742,3314
918,1344,3492,440,2,359
453,1556,1440,3395,2106,1551
2917,3279,3269,1250,555,141
110,3358,1127,2399,2186,762
1825,2621,880,1562,75,405
1498,539,3,3266,634,2428
345,1842,2198,1427,1625,2698
3499,2833,2285,1221,3058,79
2316,748,1045,1841,3055,1314
69,1097,3010,169,1516,1789
2017,3172,777,500,281,1502
591,1461,414,1820,3453,1941
1389,3415,354,2843,3426,2711
1595,2727,2761,2036,476,2588
713,2719,2517,614,2461,1264
2738,514,1882,1648,3296,1788
3145,3088,1376,1811,900,16
422,1106,1910,2292,824,2177
3010,719,3253,638,817,2387
1012,2846,2278,1733,1426,2203
2094,667,706,1479,2666,151
635,3122,811,1889,1878,1659
237,3498,3176,628,596,106
3199,2181,125,19,783,155
2860,444,1795,3107,1665,670
234,1598,3186,3083,2207,3322
2766,343,739,2406,675,616
46,1861,2021,2659,441,2362
826,3453,12,1881,591,1535
2931,466,2140,2564,2430,1405
190,977,1023,3417,517,809
2782,3050,753,1488,431,1867
3301,1070,1122,1492,1121,1713
804,2045,1476,1767,2886,434
1515,3307,1505,1411,2863,182
2012,3328,230,2777,1678,3051
952,875,410,235,2916,366
339,2403,3336,3344,2972,3219
1044,1592,1679,199,842,2875
102,1809,1410,1886,1576,1249
872,3146,1400,656,1942,3394
64,194,175,2798,1232,2518
2759,1583,1750,2671,2907,3283
2544,3121,1700,1918,1167,2576
350,446,3207,3067,2072,1810
2487,414,1560,2491,1461,2404
534,1555,475,611,1307,501
1484,1294,1375,2154,335,1857
1834,3019,330,731,1568,2171
2923,1600,2827,2423,462,2414
490,1723,2293,2334,286,577
1602,2819,2042,324,895,965
1602,3081,2137,553,2837,703
2945,1682,3244,1005,1734,1452
2570,1071,1904,395,2586,1329
2372,3068,1769,1026,862,367
1208,2994,1215,2441,3448,2828
1790,3252,2591,622,2453,759
1203,1557,2204,794,2079,247
3142,3438,1399,91,2477,607
764,1764,1648,2738,609,3113
957,1752,2423,1676,462,1796
731,2853,3019,2479,1069,750
992,1481,2354,939,356,2529
1155,456,3294,1164,1131,2838
3118,1254,2681,3198,1103,2671
2839,2703,2646,2988,1794,2073
384,880,2905,1825,1328,2321
1733,2229,890,2556,2203,2692
2317,1985,1349,561,32,3000
2742,2164,1291,3065,48,1622
1553,1209,1261,3160,2380,3089
1306,1137,3367,1787,1998,403
2115,3094,788,2871,1960,1398
2744,1899,1832,1581,915,1348
3170,3058,1084,1623,2217,3499
2159,3391,1875,3392,3142,2378
1126,1573,1954,1438,3116,3460
2299,70,1674,2424,787,333
3325,224,1817,2930,3258,488
3495,3506,1289,1457,2673,2084
3212,1671,2756,78,1407,3232
2177,1994,2227,2486,2838,1106
2334,2637,2260,577,1681,1285
981,433,121,526,136,1869
344,1065,1777,3083,2064,1598
821,2687,623,1729,2773,3447
3280,1472,85,1156,1265,1102
3136,1620,1701,2720,2737,1213
879,2288,111,1612,333,1674
1271,279,2020,1835,1914,2072
1184,1779,107,115,2628,3422
957,2005,2014,2806,2559,72
943,2016,1496,2208,1002,1763
2438,1143,560,2129,2502,3220
2881,485,420,1650,1974,1489
2987,322,798,1490,1223,1997
1878,2688,1778,1696,3122,2499
3135,2558,2927,542,836,594
953,3165,261,2858,948,2077
1406,3445,1460,596,106,2781
2121,1415,906,299,2440,2655
1,1104,2625,653,869,1806
2892,3025,974,2055,1588,576
2080,2368,1312,1968,2463,1026
1466,1802,2670,1426,2765,2203
748,2218,2365,1045,1756,2664
1182,2279,2195,13,1349,561
602,2630,2872,315,3434,2483
123,1805,82,1843,1618,866
948,338,1808,3018,3165,1063
3255,1825,384,2964,2277,1448
2064,2828,128,2441,767,1065
307,3087,353,1977,801,50
200,1151,1798,3182,3161,101
1276,2526,317,1291,2209,1108
45,388,1454,3034,2773,2516
1152,2560,1110,3221,918,1546
2512,498,3115,3319,3335,1929
1889,2590,645,203,635,3300
1166,1860,2932,2506,616,1068
3349,1582,3390,1333,1443,1565
1428,2163,1396,2739,2201,2543
1216,2006,2482,2842,997,493
2293,1723,1681,2260,2077,541
44,313,1819,980,1483,2525
2700,1197,2653,205,2721,3231
1090,3440,429,3072,2116,1233
385,2823,3270,2902,3163,2718
782,3084,627,494,648,1491
105,2399,996,421,110,509
1814,312,364,1978,1971,3021
704,1198,90,2143,1224,2421
3144,515,447,1246,988,2110
931,2054,1703,118,1317,375
1952,2853,1559,2479,1108,750
2974,862,2372,914,1321,1651
3184,2955,3444,2616,360,1551
1413,1957,1853,2764,2172,2371
1157,1666,544,3073,2650,2589
3012,2359,2861,3373,2685,1006
413,285,579,507,516,2065
3053,3459,2672,3493,2108,2830
2900,3104,3299,1552,3501,1745
1278,3120,2273,356,3128,992
1319,153,1010,3508,2678,3452
1623,1084,2915,1094,2285,852
3384,3241,161,3346,754,1652
1509,529,1336,215,3370,1753
2350,810,2685,1006,1721,813
1191,3112,1251,908,1803,1774
1972,506,1821,255,2724,1027
971,2659,1861,925,2237,3078
1363,620,1022,2496,2158,1662
660,1744,1266,789,249,2805
2664,3256,2316,1052,1045,3464
1605,3458,2852,1030,1473,142
894,3334,182,549,2723,3424
1968,2314,1845,554,1769,1026
855,3396,1218,2098,2627,709
2850,771,947,1176,1283,503
2822,2764,1957,1488,2348,791
1321,2265,2390,2346,1769,862
723,28,87,3523,1570,3037
840,2514,3433,1586,1356,1894
711,2884,3227,1336,3370,755
1324,3290,133,756,3461,1310
2483,1107,2536,1610,369,1670
3392,537,1192,1875,2068,2286
774,1275,887,2053,1093,545
1261,931,3371,1553,1643,2281
1691,1410,111,3407,102,1674
452,3471,1660,3513,2513,2407
499,3374,863,1038,901,786
1913,2689,21,2206,2101,2178
1099,1348,425,1832,2815,3131
2875,64,469,2798,3497,1592
156,817,650,3253,1866,2228
1540,559,1999,641,188,168
1459,2463,2609,1222,1312,23
1845,2482,1769,2006,2372,1321
2543,2190,2992,2096,2163,3070
3436,1441,1246,697,3144,1234
3315,538,1650,2160,1920,2652
1418,1453,352,873,3305,2186
1773,1096,3203,1491,1558,467
554,493,1845,1747,2006,1112
593,1233,752,302,1902,3440
127,640,2680,3431,3167,1172
2186,3529,2340,105,2213,110
2743,3080,1404,2622,867,2903
2191,2405,3090,2707,2604,2173
1515,1743,1989,552,2723,2585
2546,2247,208,1943,3344,2972
1560,1740,3324,2255,414,3476
1867,2401,2604,2173,1330,1554
2506,616,945,2048,2236,2766
2513,896,2382,3487,3471,1574
3383,1351,1047,2422,52,3213
3385,581,2104,2728,1116,172
1962,2663,1401,1625,2156,2047
1656,3328,2702,2199,192,2619
1624,3321,3038,2602,1009,15
512,1001,1277,3205,1754,3056
1600,455,3004,2259,3025,3320
1227,652,3078,2659,2362,46
3110,3399,2553,21,2677,1420
239,1366,3507,1572,1928,3192
1639,1978,582,1814,985,1076
3351,587,1692,1323,2488,1760
2113,3348,1511,2632,978,1783
2501,1224,1439,90,930,2342
1265,2078,3213,2408,85,3383
2806,462,2827,2259,2271,957
1674,390,1410,2288,1576,70
3275,954,2471,1393,205,745
176,658,2455,2951,1317,505
2176,267,1050,2575,1313,1494
509,996,3266,721,539,2215
2615,1337,2031,3425,1201,211
1405,2817,2239,2757,62,2140
1993,550,24,1455,2551,3127
1166,1462,2506,1111,2048,1580
3150,2986,1581,2960,1899,407
260,1362,3231,2751,207,1197
3361,2910,1523,318,775,2813
1093,3202,1536,774,2743,114
3350,2849,191,1613,3278,1712
2304,941,68,1390,2129,2502
2569,1481,551,1655,1532,1858
2103,2655,2311,266,2821,1415
2266,1065,2994,2322,210,2828
3099,3292,3166,1991,2187,2957
1844,667,2062,1984,129,1364
1256,1622,222,776,109,2164
1041,2830,1658,1847,3459,243
3134,990,3131,1632,1377,1099
2698,2958,345,783,843,155
1433,175,1029,265,837,194
106,674,237,1406,2038,1422
1543,1847,1018,989,1041,3195
1579,2795,907,1078,772,3512
330,1879,2788,1834,3442,1024
2591,3479,2669,3252,2790,2267
2825,2534,3525,1214,2712,2843
2951,2426,1900,1469,505,3360
1979,2170,2635,889,18,654
2564,1295,865,1385,466,1061
1774,1947,2682,1991,3112,143
1738,196,3283,655,2473,1583
811,3399,645,1195,635,1262
2517,416,181,2719,1251,2224
190,1072,1983,729,2082,1731
2389,1026,3068,2314,2609,1312
524,2489,1584,1958,3428,1123
1414,1992,1718,567,594,1822
3015,863,2070,2971,1840,3169
416,32,1160,1051,1985,3261
683,1596,2675,1009,2895,15
3255,2119,3277,1942,3308,656
1930,618,2896,2949,973,2089
1393,818,2425,745,1967,154
89,1421,1633,1230,1530,2574
1738,2780,1583,294,2459,513
1626,3147,2588,2565,2761,570
1343,3259,322,1593,2810,180
3036,1105,3497,2709,564,2699
607,3180,2269,2508,1399,1887
3528,3250,1837,3387,1119,1964
2853,2272,2345,731,1952,1069
1211,3462,2026,884,2911,1644
2572,3473,846,2548,3045,1953
2006,2390,2842,2333,1321,387
1107,2377,2872,2536,602,2318
3398,1132,2713,979,1591,84
3274,1132,1609,956,2154,1857
2838,1350,3139,2292,456,2177
449,2255,2722,2985,1560,2491
1692,1885,1716,2419,587,3159
2464,1123,1958,1584,3428,1094
1477,801,781,353,35,2927
1461,2985,2255,202,2487,1804
643,2885,1457,1719,2084,604
546,2541,2732,1655,2569,1590
2924,1727,3355,1193,309,1163
2545,3062,2951,3194,658,377
2124,1662,2363,1922,1363,3306
3018,1759,338,3229,1833,951
3052,3451,1387,300,2767,521
1696,2862,1878,3222,2307,40
78,1881,611,1555,1671,398
2421,91,3438,1439,90,2011
3220,1390,2304,3429,2438,86
2537,1438,1287,676,3472,1126
1356,1340,1643,3379,2758,840
705,1784,3190,2508,516,1887
2406,2048,2330,616,2432,1166
735,1005,3149,1682,372,2890
3123,1887,2477,2505,607,705
2789,1025,319,2893,1181,3103
340,2812,1531,2814,2868,60
1292,2869,2662,1969,1748,971
2328,2929,3115,3319,2540,1115
2407,1781,2382,3487,452,3311
840,2374,1586,1255,2145,1136
2970,1664,1628,3281,2166,2075
933,637,3034,45,1117,2326
2461,964,1251,2224,713,1803
1232,2251,175,2798,2448,194
1959,1765,892,1945,1361,9
1836,1645,3527,1010,3029,1686
1334,1186,2587,3173,3117,283
2110,2990,858,515,3035,2636
1921,2923,2827,2965,2259,314
919,2606,877,911,3420,1966
1928,483,313,1883,1819,2335
2209,2325,841,1276,2975,2742
1225,435,1162,2195,1995,1088
3022,310,372,2665,2595,3149
1858,356,1481,1033,1284,2273
3179,1549,246,2668,2844,1948
3217,215,845,529,1475,835
1994,3345,3511,684,1663,1131
3091,2099,67,869,1019,3376
1147,2454,1512,288,3525,1214
1840,254,2070,185,1827,2920
2872,2377,2912,2483,406,369
1391,2503,328,3339,1287,676
1434,743,2013,3006,3509,399
391,631,903,1826,1485,1675
1498,3115,3266,1386,2929,2512
546,2493,1890,1655,1060,73
682,1630,2112,2741,2035,661
2391,2190,2739,2934,2163,2332
2253,657,1700,1918,1309,394
2495,2133,2951,3194,1469,1526
1043,290,2403,1706,208,1943
2035,1124,866,649,682,2933
2121,1953,2481,2122,2572,819
742,3359,2638,714,2840,460
1274,79,884,50,2833,1644
668,1455,550,929,2431,2091
1504,999,3475,219,3143,1210
2677,36,3110,1597,2416,3031
2086,2868,3260,1531,1700,1309
1058,2772,1513,1199,1386,1142
1733,2631,2278,758,890,600
125,2015,598,3188,1804,202
2308,747,2998,567,836,594
1187,2014,459,2005,1981,2302
2571,404,2327,1152,1409,3221
20,1313,2904,3312,1816,851
1659,2046,1778,1635,3122,2829
1772,2881,3489,2774,1920,158
2457,466,2931,2239,1295,1250
1925,570,2800,2474,1281,3147
1525,2050,406,454,369,2696
1933,575,558,113,497,1641
1924,3496,2797,1207,3111,757
1590,2439,2493,2025,1655,1532
2264,2966,1904,395,458,3380
2560,404,1134,1785,1409,2894
906,2481,2740,2121,846,2548
2912,406,2004,2998,2050,1303
1530,3364,1633,3195,2111,2472
1494,1435,2176,3264,2427,2583
1919,1918,3121,2253,525,2544
83,1617,834,1207,1394,2037
75,2166,2621,1940,701,2214
275,3116,2949,3457,1934,1573
728,150,2741,695,38,298
229,2835,2802,2594,186,1388
2608,3416,480,2130,133,756
822,1435,3341,2151,291,1494
1189,571,3114,2612,962,615
2723,1428,2402,894,1743,605
1904,1002,1071,1496,2264,933
3117,98,2141,2087,2521,1334
476,2474,2761,570,2223,1552
1617,3073,1067,1666,3208,2349
3031,2329,2677,424,645,203
95,2453,2158,2790,2267,1790
3396,1614,737,685,2161,3326
1445,117,1561,719,1146,638
2845,1388,2581,671,229,1267
242,3149,2660,790,3022,2528
2903,1469,3080,1939,1900,2133
1581,3150,1898,895,2744,2906
139,2869,92,1748,525,2662
1136,377,1586,1776,3062,1646
1216,1576,1868,3363,1809,390
1408,198,2167,3342,2937,1699
475,3321,1624,2412,3151,1244
1260,1833,1607,1759,1403,337
1330,3090,1829,2405,159,2401
3512,1430,907,348,1955,958
2202,2116,2524,919,838,3420
373,674,1458,3154,351,3093
2582,2130,2182,3416,2911,3463
23,3068,1846,2389,2185,2463
1436,1577,321,145,3140,574
1869,883,966,132,2944,3288
2794,615,2584,517,1731,571
533,1284,3277,1278,3308,356
342,518,1756,1050,630,267
2031,3237,2429,438,423,211
1487,2347,3184,3273,3153,2955
837,1668,2088,2043,1446,2156
2025,2787,1590,1257,1837,3387
3051,2702,2150,3328,2411,1661
24,1895,1993,1098,1828,3366
2214,1940,779,2578,1562,75
1909,3080,2743,2400,800,1536
193,1864,1588,1177,1367,3474
1846,3455,23,2969,3271,2032
1,653,869,3171,3091,2312
1525,825,1670,2755,2085,1896
664,934,1218,737,3396,2369
1859,115,536,1779,1339,2301
755,573,3293,1201,3441,1337
2318,567,747,1992,2872,3434
2065,2556,285,718,758,890
1783,1927,2420,1871,3348,1704
1058,2868,1513,2086,3335,2812
3286,1724,2019,2641,464,2785
889,2170,547,1979,654,2456
1987,515,71,2990,1884,2522
2293,2706,1681,1285,1877,1397
714,1558,1876,2549,1773,742
3197,2962,3033,300,521,1640
380,1279,897,2997,1961,2104
464,3337,2925,2634,3432,2019
607,2143,90,3438,3123,2000
595,2202,2069,429,51,839
3285,1543,2728,606,88,1016
586,81,1495,3114,1983,1775
1427,2276,2839,1842,3188,2073
3183,1507,1439,244,930,486
25,1741,856,1841,630,1566
1503,3509,1322,2180,1092,223
544,262,2074,1666,860,2349
981,1286,136,49,610,121
2160,3482,538,3210,2393,3254
2098,2721,1619,2700,2336,855
1868,1702,1249,1809,1971,3021
819,2440,2121,1081,2311,266
481,916,2791,3007,152,1375
3092,2682,2957,143,1991,245
2692,890,579,285,195,1325
2362,652,2415,2237,46,3078
790,1128,2675,2595,1990,242
2991,2984,1522,212,969,1193
1748,1969,3001,2511,2060,2869
2410,1965,2198,1446,1625,2156
2365,1052,1756,1816,342,2316
372,3041,310,2528,1468,3133
1479,1984,365,667,2200,2230
1621,2693,710,2022,3223,2018
2844,274,2530,1282,3179,3515
2790,1599,2453,2880,3479,620
935,2765,3380,2315,273,1466
2681,1103,3283,2252,2759,2275
1238,882,2352,2108,1037,3053
950,715,2730,1289,2290,3495
159,3162,432,578,149,282
1990,2895,2660,2468,790,683
2153,825,3079,1463,418,3085
645,2553,3399,2590,3031,2416
3452,1954,676,1319,2355,1126
861,1103,358,1202,3332,3118
3167,2167,1805,2398,3409,127
2671,655,2275,3283,3198,3173
143,2657,2458,3092,1991,2957
757,751,744,1036,531,3496
1720,2746,527,479,1812,1352
2861,1721,2754,2359,2808,2350
2847,148,184,302,415,3518
2296,698,264,1454,1729,2773
643,2307,1608,850,1778,1696
21,1708,2384,1420,2178,624
1946,1982,1492,2020,1537,1914
3269,1982,2917,1259,1499,3475
2658,890,2203,195,2278,1802
1466,2667,935,679,710,2022
936,2123,838,126,1915,2069
98,250,1607,468,1403,3520
454,2085,1525,832,2566,909
3308,1357,1033,2134,1284,2119
2447,1427,345,783,2216,2015
2709,1468,1105,3041,2476,1980
2336,2878,2653,205,2098,745
2763,1606,1714,2877,753,3343
944,2619,2411,1661,1656,3425
2027,2988,2276,3485,1589,1794
795,2768,328,1470,1130,1287
2174,1980,1373,2891,2709,1154
2637,2825,1877,1654,1397,2711
2173,311,2401,2191,2405,3090
2019,3286,3261,3406,561,32
1373,2699,2476,1980,3036,2705
2161,119,236,437,737,1793
1397,2843,2706,3415,2825,2222
1654,1214,1239,2825,3126,2454
797,1591,2770,3398,2484,1529
1866,1437,3355,817,69,1163
1261,1637,411,1209,1236,3379
1505,1442,1649,2057,3307,2152
2950,368,1483,557,980,308
2201,2902,2823,2163,2338,3070
2224,1051,2461,1264,416,568
1620,3136,2298,316,3182,1701
2653,673,3061,1197,1619,2336
1876,1560,961,2487,714,449
2585,182,2402,894,1515,2367
1722,680,1821,686,1972,2361
3527,1836,849,532,712,1694
1188,572,834,2801,3189,830
1595,2223,2036,227,1133,1331
88,172,2409,2644,3285,3385
1832,1632,2744,3131,1898,264
1369,1635,2673,715,2046,3495
2001,241,2997,1217,733,2034
2493,149,546,1590,3162,1257
1120,1712,3295,1175,2849,2925
2887,423,1511,3237,978,1311
1677,917,2981,3133,1468,1153
2940,868,805,260,2807,2751
1757,1213,1701,226,2298,3242
2225,764,2270,1882,1648,225
2934,605,2543,2332,1428,3268
1417,846,3082,3239,2572,906
38,1630,2542,2112,2580,728
2280,1276,3065,1291,1355,2209
2400,2622,3202,1404,1536,2436
1581,2284,2729,1832,2597,1898
2857,2941,1792,1063,950,715
2684,3426,3415,1280,527,479
951,3521,2778,1169,2829,327
1739,3247,1101,3233,5,1673
2970,1165,2075,325,3281,2043
3224,3101,2005,1823,1187,2824
3231,260,3275,2434,868,2736
548,2789,993,3109,693,2090
1660,452,472,803,3258,1817
1194,2803,2808,57,2685,1721
1670,418,1610,2626,949,825
647,3476,2291,3212,1569,1407
62,1753,1815,2430,1509,1405
840,3002,2504,1255,1340,1707
3332,2252,3412,1103,1750,2671
545,1544,774,1528,114,1777
2036,2223,1626,779,2588,2474
617,2774,1638,1173,1460,3489
2701,2877,3343,1714,1521,354
2371,3097,2348,3291,791,1413
1653,2670,395,1802,3380,2315
1017,2236,1174,945,739,2406
272,1387,3052,2956,2498,428
2704,3067,1130,1287,3207,3472
3387,2787,3250,2002,2618,2478
3206,1529,3423,3443,2713,1591
3086,1611,1571,3303,1059,63
2555,3,1142,1498,1378,1386
3447,1454,2296,45,2687,2326
2762,1772,2563,1460,3489,2781
1188,1493,1205,3009,1849,1893
2028,942,1073,1008,1118,1384
3201,3051,2245,2008,2012,3013
257,2747,1113,3521,3300,327
1246,3436,858,2110,192,1678
1270,2840,2473,1738,742,294
2942,1460,1406,1772,2774,2310
574,2241,1488,431,321,791
2056,255,1380,3456,1972,3329
1164,456,613,2978,3367,3139
169,1097,3286,13,1724,2634
1746,137,3526,281,2071,1585
2618,2002,2928,2769,1257,3387
750,3442,2452,109,330,1831
2509,1025,2752,548,2893,693
2158,2669,620,2591,1599,2453
1375,2168,2656,335,3007,1365
2171,3388,2979,3297,3060,164
1529,3206,1443,1582,188,983
2188,2612,571,3132,1023,517
2824,2451,1579,383,3101,772
3044,661,1238,2112,912,263
3111,1587,2184,2568,1924,3236
1212,1592,2251,1232,2386,64
1352,861,577,1720,286,112
1281,802,2061,2565,305,1925
531,1205,834,83,1188,2726
186,1148,2581,1056,1735,229
1194,2754,212,57,1627,1522
1021,252,792,2022,1304,2018
568,789,1963,938,660,2364
2827,72,2423,2965,2302,957
3191,805,868,510,2736,2196
2953,2754,436,1194,2861,2685
3294,1880,684,1155,1131,1301
1343,3256,180,2475,1200,1822
689,2094,2067,603,592,3262
3335,2510,2868,60,2633,498
189,318,2836,2910,28,2435
60,582,2510,364,340,1978
1046,425,2930,1099,488,2385
16,1231,3376,2099,1685,1852
2984,2991,2430,2140,3422,62
1517,458,2820,3510,1923,2966
2261,1424,895,965,2906,3488
1680,1986,2818,1923,1412,1517
3329,266,255,2103,1027,2440
1474,2371,73,3050,1957,1488
3124,2338,3163,2718,2201,1854
2795,1187,383,3101,1647,2750
2706,2454,2712,2843,1654,2711
1114,3351,3450,548,2144,3109
2806,2965,2259,2423,2523,2923
3448,2322,3377,2266,128,2441
327,1635,1169,1659,2747,2562
2445,2108,3459,243,2352,946
3467,184,700,2847,633,54
1528,329,553,2053,545,703
2217,50,3058,79,3087,2550
3302,3517,3487,1036,1574,487
2581,3410,1388,3411,2866,186
2126,28,1423,189,2813,723
1547,2137,3186,389,3081,2262
2486,1131,2292,456,1994,2274
2276,2988,3188,2646,2897,598
460,2999,2780,1270,2549,742
839,752,1219,595,508,2864
387,1702,1868,2482,2333,1216
3525,2711,2825,2222,1389,2454
2668,1171,2530,1282,1594,1549
2930,2594,229,1267,3325,1046
1021,2229,1012,3470,679,1426
700,2686,2831,1902,184,302
1445,1088,1272,1516,1225,1789
3295,2437,3278,1712,2953,2733
3026,2370,306,1283,503,636
454,870,2050,1303,556,1083
1419,1473,2366,632,3458,768
750,2479,2272,2345,731,1952
1545,663,491,2888,1318,898
3043,8,1711,3354,1217,1252
3193,1580,439,1370,3218,1462
2745,1687,238,1055,1792,950
1681,2077,3228,1877,2309,953
3336,3344,2936,3015,2070,1827
3447,2234,821,2865,1795,3107
2685,1895,436,2808,2350,3012
1262,2499,811,970,1878,3222
1989,1505,2029,1515,1520,2244
30,1258,752,593,1219,2841
3107,45,2860,3447,637,943
3030,186,749,2835,3427,3410
904,1383,887,1975,3223,1000
2086,2554,2633,1531,2812,2510
2598,2511,1748,2662,92,1969
1775,1950,962,4,81,3114
373,1398,2283,2131,2115,1912
2536,2483,747,2318,2912,2630
1758,1395,2879,1087,1542,3168
937,371,901,786,975,1172
2386,199,3497,1592,564,2248
210,765,234,1782,1839,2994
1606,2763,301,2701,1129,1521
1865,2700,2098,745,709,1967
1667,1542,2873,265,1758,194
1599,831,2669,3060,2790,164
2305,485,2563,1772,1650,1920
3502,2989,1305,410,235,1316
3318,845,926,3141,3217,1269
2375,2952,3370,755,573,3468
2492,3180,2084,604,720,844
3352,434,2243,126,804,2967
2734,1173,2093,978,1311,617
1482,1318,648,2854,627,663
583,1170,1441,1564,1704,646
790,1682,2895,3149,2507,1346
3485,1154,1589,3244,2705,2174
2313,220,974,2055,847,2169
693,3103,2789,2509,3085,1896
1134,1409,3057,947,2571,1283
2675,1346,2890,1596,2468,790
2089,446,2470,350,2949,1934
1917,598,1820,2839,1941,2988
68,1467,1436,2129,1240,26
835,1405,1061,215,466,1753
2958,2353,3469,1243,1745,3299
1812,998,1240,1720,26,112
3524,2718,2338,3070,385,2183
2596,867,3080,1939,2400,349
1816,3259,1052,2561,20,1343
1328,702,717,2277,691,880
698,895,1898,1424,2597,2819
513,1750,1874,1583,491,2252
1518,985,1641,1524,113,1639
3357,956,1578,3274,727,42
2435,2128,189,775,2813,915
3463,2026,2182,3462,2608,2480
2573,2998,2536,406,747,2872
3034,47,1517,388,3488,3510
135,623,821,402,1795,3465
852,1094,1584,1623,1958,2356
3027,235,3502,952,1908,1539
1259,2212,2691,1295,3269,1250
1651,312,1929,2974,1327,1095
1616,542,3135,2921,1086,1345
2040,185,1776,254,2535,1646
1345,1414,2919,3464,542,1200
1527,558,3362,497,1376,1811
2259,2523,2827,1600,2965,2423
923,2494,3330,969,3355,1193
1175,3432,1712,2641,2733,464
889,2938,1042,3138,3005,766
35,836,781,2308,2490,3135
1257,3466,149,2787,282,2002
2512,721,3266,2540,1115,3230
488,2845,2289,3325,2815,1046
2239,2564,303,2140,1250,141
3323,2330,276,1860,1068,1450
1465,649,2035,903,2547,1335
2739,2190,3268,2543,3160,3089
41,3285,519,172,2943,2039
1943,381,2859,3344,1827,448
1699,1113,2601,424,203,198
2926,2138,3005,766,814,1848
1824,331,1649,3032,65,1248
683,2736,1990,355,805,260
2745,3229,3018,1369,1063,715
2781,1907,1406,1772,1422,485
440,1344,519,41,2935,827
2029,3288,966,1989,552,2611
2027,2263,178,3485,3244,1734
649,808,1124,1736,3381,370
1714,431,145,321,3343,1280
3346,448,381,204,3384,780
1930,1934,2470,2896,2579,275
2717,589,1483,557,968,784
2455,1469,658,2426,2545,2495
2884,536,3468,1859,1725,573
2808,1194,3278,3295,2849,436
1470,1210,638,117,999,3253
417,2347,360,1848,766,3444
1851,428,2102,2767,1288,272
1991,3292,2657,2442,2682,3099
2900,2447,843,155,3469,1243
592,1961,3514,380,932,1932
389,2986,3150,2433,2137,2042
1269,3465,3318,1338,135,430
142,2639,1780,1605,3033,300
434,2169,1915,2045,220,61
1942,1448,2321,3255,1400,2469
314,72,2827,2806,1921,2523
1923,2570,458,3380,2818,273
1147,126,3352,3011,2886,936
886,1891,3234,1078,1955,687
3240,2032,2624,105,1846,421
2749,2515,3281,2075,325,1628
863,901,3015,2466,937,268
208,3219,298,2247,397,2403
787,1856,1564,70,392,1234
1095,2346,1321,2918,1651,387
3314,841,482,2209,213,2526
1319,2000,704,1954,2143,3460
2041,1326,972,1734,39,1452
3367,206,3048,2784,1164,1306
1568,2792,2139,2171,831,3060
1574,1064,896,3517,2407,2834
1153,1677,1603,2735,1263,1105
512,3136,3182,853,1701,101
733,897,1514,1116,807,1807
2140,2817,2661,2991,303,969
1791,2491,2487,1804,449,3199
2960,885,2433,407,389,678
1223,2306,1593,322,3209,1578
2027,2703,2839,2276,1917,2897
3225,2882,451,399,1305,410
910,2522,3035,2636,1392,1987
2661,212,2817,2984,107,3422
2096,2391,1215,3338,3070,2183
59,532,3108,784,849,1332
1208,2266,210,2441,765,2876
1988,124,1158,359,442,768
484,707,3226,492,1300,1872
897,1279,733,2640,2731,2001
836,2004,2912,2573,2558,747
2840,460,1270,122,1534,994
1349,332,1985,2100,3386,2279
1604,2060,3071,634,2662,1969
2758,3159,1340,1707,1885,609
3313,240,1548,3276,1690,651
3025,1600,2414,1367,455,659
1042,814,1365,2938,1728,2926
399,2013,3225,959,743,2538
1365,916,2656,2791,814,763
305,478,3429,2120,741,802
3189,1893,2775,1548,3276,1188
2228,719,2219,1516,817,69
288,936,2967,3420,1147,1966
3366,2350,1895,3210,2861,3373
3522,2008,3201,2175,815,2777
465,946,882,3178,2108,3430
2466,2971,2859,2070,268,3336
1031,3108,1694,849,3155,3129
636,2179,3026,1089,1308,1358
1063,2497,2320,2941,338,3229
2258,1069,2272,376,731,1568
953,3400,1239,2003,3228,3481
1444,1249,1971,1814,2654,2341
2528,310,1786,2595,242,522
1135,824,1647,1237,383,422
146,3127,1669,2095,1922,3306
2313,3004,1588,576,1367,455
2850,1308,3175,3017,636,306
463,2916,1908,1539,295,1039
1863,2204,2079,53,1557,445
3508,1686,1010,2520,920,633
2175,2866,3427,3410,1956,3522
2590,1597,2677,424,2553,1139
1649,1442,740,1813,2939,331
1371,1780,1640,3077,2639,2962
2913,2516,3510,1117,2326,388
1140,1392,858,230,2990,2522
2162,2476,469,1373,3497,2709
1570,87,248,2373,723,665
1362,355,2412,1009,3519,1624
392,1381,3363,1856,997,447
427,1906,995,2100,3386,3158
1980,2665,372,2699,735,1468
161,1043,1230,754,3405,1633
608,2855,100,1244,1711,3354
2796,2112,882,1238,38,465
9,846,1959,3473,1179,2481
1785,1229,362,1059,1134,426
111,3347,1691,879,823,1315
1306,984,2978,347,206,1150
1781,857,1698,803,2184,3236
1867,1488,2822,2241,1474,1330
2619,2777,2150,3328,2245,2008
662,2498,2767,521,272,1298
2352,3493,1037,151,2672,2062
549,1463,2090,3334,2153,103
1314,443,881,2218,3428,1841
888,3205,853,512,2413,3389
362,2894,899,1134,859,947
3505,2285,3087,3170,2833,2217
1973,397,1706,3430,3178,208
831,164,2792,1599,2979,2880
8,1619,280,2721,2034,673
1586,2495,3433,658,377,2599
43,1612,187,987,879,1315
1221,3499,2007,2217,382,1084
2164,2742,730,2280,614,1355
76,2056,3450,346,1342,2125
446,2768,2254,3207,253,3472
2609,2265,2185,2463,367,1026
497,1429,1501,1231,575,3362
2183,2163,2902,2992,2718,2391
634,924,3001,539,1604,97
486,1233,3454,2337,1507,1090
1873,2589,1157,2349,1020,3208
1725,893,536,2031,438,1339
778,3197,77,1298,138,33
1027,3439,131,1081,506,266
1780,1371,3317,3033,585,927
925,2415,2659,2362,652,971
1411,418,3307,2152,2676,2153
2622,1909,2400,1900,2903,2596
2262,3083,2837,703,3186,344
3239,1949,2740,726,906,299
3081,1598,2235,2295,3186,344
494,1749,2339,1491,467,1970
1463,1896,2893,825,693,2676
1801,2771,1571,3303,1059,63
3058,2323,3505,801,50,2833
3106,2226,900,1376,657,1811
3160,639,1553,2190,2281,2934
2604,1688,159,2401,2191,578
3171,2533,2142,2625,67,869
2657,143,2682,245,3102,270
1912,351,373,3211,2607,3435
2283,1960,1398,788,2871,231
1941,2041,591,1917,12,178
535,3235,66,547,258,654
1390,2764,941,3382,3291,1413
2165,699,1417,2059,3239,1138
2442,1402,3166,1991,1563,1947
2188,916,3132,481,2106,928
3119,1823,2750,1579,2795,2824
270,245,482,143,213,3092
2893,832,319,2085,1896,2509
2353,1281,570,3243,1552,3501
627,1755,782,1482,3421,2205
3088,394,900,657,1376,2544
2208,670,2865,2234,943,2860
3016,1031,849,543,59,2993
548,1323,2752,3351,993,2826
2416,3374,2206,2553,21,36
3302,2797,3311,3496,2184,2568
2360,143,1803,270,1774,2458
609,461,3159,2270,1716,1764
2584,81,962,615,2870,586
1513,1386,3335,2540,2328,2512
2579,1438,1934,1573,253,2287
2587,734,1709,1186,2141,2521
2275,1254,1202,163,1103,2679
1823,3101,687,3414,1579,1715
2023,833,2354,1278,871,3128
525,2253,1167,2576,1199,1919
1778,2231,1878,1659,2307,2562
2000,2508,2642,607,705,694
277,2823,1074,1396,1854,2201
2059,1742,2165,96,1478,63
1497,1007,1239,3400,1214,2712
146,3024,1993,2095,550,2431
871,992,2354,1449,3120,1004
477,3155,144,511,1694,3016
1718,1510,1490,1992,3434,1997
1632,2446,1832,2729,1099,2385
571,1440,3100,2106,2794,2188
1468,917,1677,2665,2735,310
2446,1377,130,1235,990,402
1086,2308,35,2919,2927,542
2298,2982,2720,316,3182,1701
1358,940,664,1506,1218,2155
1979,766,2926,3401,889,2635
1350,3449,456,2486,613,2784
1436,68,574,941,2610,3291
926,1159,2883,1121,845,1713
2269,91,3391,1399,1875,2286
1210,1130,1810,3207,2552,1504
1234,2343,2392,1856,447,1246
2226,1685,1811,16,1376,2816
2250,872,1400,1226,656,1942
717,702,2474,1626,1925,2565
100,3446,603,608,812,3262
2507,2595,372,2890,790,2528
2433,2960,2597,1581,2042,895
1244,534,608,812,475,2602
1556,2138,928,3444,763,360
3184,3238,1551,1487,3395,1432
1458,2038,739,2607,1174,674
3129,218,1995,3016,1031,511
99,1379,1684,2194,1761,2052
3158,1594,218,427,1162,3164
3157,1594,995,1282,427,3040
1716,3002,1885,609,3113,2488
3089,601,3268,2281,2934,1209
3171,1798,200,653,2324,1806
1829,2674,546,159,2732,149
3270,1854,2823,223,2338,1372
543,1031,1594,1171,218,3157
2309,1808,948,2077,2320,541
1563,2187,1150,2114,3099,2442
2680,1705,1805,2398,1843,640
1965,1087,1395,566,2873,296
1038,1840,863,1486,2466,217
2285,3505,1623,3058,852,1048
3091,3161,2142,2625,200,653
1897,2220,500,1502,777,56
283,3198,2521,655,1334,2681
1196,476,3246,3469,1595,3299
306,891,3221,3026,1546,1308
628,987,187,1575,2232,3498
1104,1806,2063,653,1798,2312
150,3430,465,3014,397,3059
1137,2530,3397,274,246,2668
2885,2477,844,1399,1887,720
1476,2045,3526,61,500,777
101,316,2324,2982,1151,3136
2647,537,1439,244,2011,3483
3153,2347,1551,1487,3444,2616
1790,3211,1489,3435,95,420
3322,2837,2235,1547,3083,3081
1768,1818,386,55,2127,1475
598,2015,2839,2557,2646,1427
3009,830,1188,2726,3282,1548
3457,516,275,413,2505,705
2807,1830,868,510,954,3245
3507,471,1796,1366,1464,2417
2856,3413,439,1370,1049,905
377,1526,2545,2495,1926,1471
2111,989,1847,2574,2450,1530
3358,401,1737,873,762,2186
3075,2639,521,33,1640,1298
3173,1254,2275,1334,3520,2681
2233,19,1804,1791,2985,125
467,449,1773,1749,1876,1791
1118,2777,2012,3522,3013,2028
2436,1093,904,2743,1404,2109
1558,1874,2395,294,1096,513
530,1472,439,2148,905,878
3056,1351,2413,3389,1001,724
2770,2793,3443,1529,1999,188
1810,1130,2254,3143,3067,2768
1067,1020,2589,173,3073,2080
1223,1578,3423,2987,1609,956
3373,3254,3012,3366,2652,3482
3185,1790,3435,622,3093,1912
2291,78,3476,2756,1535,1740
724,878,2422,1265,1351,2408
1892,269,806,197,226,1057
800,1080,3419,3360,94,1909
1964,1033,1532,7,1357,1858
1269,2531,2883,55,845,1475
1451,439,732,1580,530,2856
1615,2972,695,339,298,2247
2502,201,2304,3429,1143,741
1409,1546,2327,3175,2560,306
3470,40,970,792,2499,2862
1000,710,1621,2867,1383,2667
2750,1823,72,2005,293,314
959,2989,2149,3006,451,399
3449,1350,2996,1300,1302,492
2127,588,2375,711,386,1336
1877,1654,2858,1239,3020,953
2941,951,2497,1169,3018,1369
3372,1115,3494,721,2929,165
2751,2434,205,1197,2336,3275
2200,1407,1984,1671,1364,2291
1906,2748,995,3247,3515,1673
1891,1955,2968,3284,907,886
3096,445,258,654,1771,1014
799,2184,857,1587,3049,2797
29,438,1311,2615,2734,423
3153,3395,1432,1178,3477,1551
1949,3082,1417,2740,699,3098
2969,3494,1846,421,2185,3372
3356,2357,754,1652,580,396
2189,226,848,1757,1892,2737
2061,3501,3421,3104,2205,1281
1005,1154,3485,2891,2263,2945
510,3478,1830,1040,3191,3480
1962,1595,3174,227,1196,1855
1739,2748,1906,3233,876,612
1387,632,3437,3451,1473,528
728,1843,1630,2136,82,1705
2478,2769,3387,1837,1119,2787
908,1947,1739,1774,1101,1402
2267,2453,759,3479,2591,622
638,999,2228,2387,156,2954
621,3210,2160,1828,3366,2652
2469,2321,3277,1942,384,2964
1052,2365,2810,1343,3464,1200
1615,640,214,2136,975,1705
785,1817,1660,2753,224,2289
2475,2904,1593,1343,727,20
1309,3486,2554,2024,1531,982
3406,1051,2708,938,32,2467
1416,603,689,100,2811,3148
1383,273,1986,710,1923,935
794,1435,247,2575,2151,1494
1936,1263,1603,1149,1044,2981
721,2428,2540,2929,2215,1498
2174,296,2081,1589,1087,1794
1125,601,2934,3160,605,2739
2691,555,2212,3475,219,2917
2149,3163,2338,1372,385,959
23,31,2624,1459,3455,820
1764,764,1297,2193,138,33
1062,1487,2616,1432,3184,3153
42,2485,259,1857,2909,956
2425,954,2751,868,205,3231
1548,696,3009,3003,1893,240
384,3308,533,2613,3255,2469
2953,191,2849,436,1098,2437
2212,3330,555,141,650,923
496,85,666,2297,816,1102
2075,1628,692,2970,1133,2515
1548,820,3189,3313,830,31
655,2459,2671,2681,1583,2252
1955,1430,3234,1891,2605,1245
2644,2935,2728,606,519,172
2634,2708,2785,2019,13,561
46,271,652,2021,2659,1227
2944,1074,277,883,552,2611
1318,1143,1482,474,1755,201
3461,2376,1361,1324,562,9
791,941,574,2764,3140,3097
2442,2187,2957,3166,1991,1710
2629,134,755,711,3500,3441
2274,2809,1155,1880,684,1131
2849,1627,2953,2733,1194,1120
1882,209,780,514,3403,2225
2792,1922,3388,1669,1662,164
1299,1763,2016,2194,828,320
1552,3469,476,2353,3174,2900
327,203,1889,2778,2329,1113
2242,1070,670,1838,1121,444
2834,3111,3487,1036,3311,3496
63,1611,1742,3086,738,2771
1886,1444,666,626,1076,174
2032,352,1453,3455,3529,292
621,1922,2124,2095,2496,3024
2152,2244,2716,3079,1505,1411
3277,2697,1284,2119,2613,2469
1040,1185,3478,629,3245,473
3331,1354,2093,1091,1938,1144
3487,2184,1781,3111,2513,3302
851,3357,2561,20,2049,291
3003,31,3282,292,1548,651
713,2975,964,1355,482,2209
2393,1363,1650,2160,1974,2124
1686,1332,3527,1082,532,341
922,3077,1780,251,599,585
135,2883,1665,2961,1269,926
1929,1115,2328,2512,914,1651
2071,576,455,137,2055,2786
475,2602,2412,1307,15,1353
3186,1547,2207,1273,1242,2235
2932,1860,276,457,854,2330
961,3476,1560,334,2404,647
2289,229,1817,2930,1148,2845
685,1614,2592,1168,3396,1865
49,1032,1901,1286,677,1248
2411,2245,3051,192,2619,1678
2821,3456,255,2103,2783,251
3279,3355,650,923,1866,2924
1311,29,3310,278,2093,1938
2759,358,3412,1103,1697,2679
1447,3413,823,287,1156,1102
2153,2367,1411,3054,182,549
3115,2812,1513,2633,498,2328
3344,2859,268,2247,3015,339
2641,789,3432,1744,2019,3406
3448,2096,2992,1215,116,14
1951,676,2537,3452,1391,1645
40,600,1696,1012,850,1733
2151,495,1916,2030,2583,822
1550,198,1408,2601,2010,520
1714,2763,1280,354,3426,2947
3336,2859,1943,2936,2247,2403
2532,3511,684,1663,1131,1245
1652,2948,2357,3384,780,3403
3047,625,823,287,1315,108
1931,2420,769,1927,1511,2632
2331,797,1333,1582,450,502
2437,2091,191,1613,1455,1266
2826,2419,2144,3109,1692,1323
1512,2886,804,2967,120,1147
1151,976,316,1798,3182,2720
1244,1252,2855,3519,3043,1624
3330,1163,2714,2494,1866,2924
662,3241,580,396,1077,77
3312,2909,727,42,20,2049
2213,3196,762,1737,873,2186
3516,2549,334,961,714,460
1900,1909,505,3215,2455,1080
1039,2435,463,761,1523,318
1811,1231,2922,16,497,3069
997,390,2600,3039,392,1216
2574,1973,3405,504,1633,2111
1366,179,1883,2192,471,1145
3012,1828,1895,3210,2620,3254
2978,1998,1306,2282,613,2784
1423,3513,1570,723,3471,665
2058,2018,2132,1770,1621,252
3468,1336,2884,1509,2375,2358
1643,1703,1356,2380,1894,931
3230,421,3494,721,3240,996
1006,3210,2350,3482,1144,3012
2206,2383,3110,499,36,786
751,565,1762,744,1849,1689
1852,869,2816,1066,2099,2533
128,116,1183,3448,2828,94
2097,857,1073,3404,140,799
1643,411,2504,1261,1340,2715
273,395,2966,2670,2570,2765
734,1124,80,808,1618,2946
86,1413,3097,1449,1390,1004
1518,2408,170,2078,1047,2422
2357,381,161,3346,290,2948
1932,2409,1961,88,2104,2728
435,2100,427,1349,3000,3040
1837,2769,2618,2478,2787,3250
2171,2792,1669,3297,1834,1024
2148,724,888,256,3205,3056
1333,2331,1565,610,3349,1443
2159,2286,3506,3142,844,1399
1055,2378,1687,2159,2286,1192
1799,688,131,1268,590,3439
656,1935,2134,1226,2119,872
1178,1551,453,2211,3238,3153
2369,2592,2627,709,737,685
1998,246,3179,6,1137,1206
2484,502,2713,979,797,3417
2460,2416,2677,1420,645,1195
1239,3020,1007,3126,3481,963
417,3138,766,1979,1848,2926
3416,304,2182,1310,1862,177
864,780,1652,1882,3346,3296
1698,857,2097,3378,1735,1056
1633,1706,3042,3364,1043,1973
938,3261,2019,2708,789,3337
1447,102,2381,626,1691,816
1119,708,3528,2157,7,2478
1538,1805,1408,123,2167,2680
1956,2835,232,3030,3411,2866
1388,232,955,2835,746,3410
1697,1750,898,3332,2759,2117
3333,3193,1049,905,287,1156
1715,293,3119,1823,687,3224
527,2222,1397,2746,2711,3426
3402,2582,2608,2182,1310,133
979,809,2240,502,3398,977
1871,1726,1783,1141,419,921
94,379,3215,128,800,767
838,1966,2524,3011,2606,936
2205,736,3105,3243,782,3501
107,62,1779,2817,2991,2301
3443,2770,3209,1223,1591,1609
2147,549,1125,894,2367,2197
211,1661,944,2429,2702,1337
354,2746,2222,3343,3415,1280
3522,749,1118,3030,1384,2866
881,1123,2464,443,524,3055
86,741,2502,3220,3008,478
3178,504,1973,946,3059,3014
1172,1139,371,2398,127,1597
1744,2925,1613,3337,1712,2641
1586,2374,658,3062,1894,176
315,1992,2318,1510,2630,3130
1489,3211,1907,3185,351,3093
2392,697,2779,1246,2199,192
1988,528,960,3248,2,632
91,2269,90,2501,2642,607
590,3076,3393,233,131,1081
429,752,2337,839,1233,2397
1337,3500,2629,1661,3293,2150
2788,668,1879,222,2452,109
3423,3206,1223,2770,798,1999
1551,360,3152,2347,1556,3184
1141,2310,1638,1726,1460,596
3148,365,1479,216,603,812
2860,2773,821,2865,2296,45
2828,3338,3377,2266,1215,116
3226,3139,1300,1350,1206,613
1342,2144,3066,76,2826,1114
1473,2498,3248,1605,1387,300
1645,2678,3339,1010,676,2355
2238,414,591,1535,2221,1740
1507,1902,1629,3072,700,1233
2624,292,2032,31,3305,3271
2125,3329,2783,251,2056,585
3190,1573,2579,705,694,275
1949,2366,1419,726,2852,1030
569,3493,1658,2352,2830,2445
1954,694,2000,1573,2976,2287
3473,3290,1361,562,1324,9
2480,773,2911,1644,3463,382
2911,2105,3462,2608,773,2130
1045,1200,3256,2921,1345,2365
2961,402,135,430,2914,130
2928,282,2002,171,149,2787
1224,2831,1629,1198,54,700
1859,3370,2952,1815,2884,1509
843,3299,3174,2900,1196,2958
3222,792,1012,40,2846,1021
2382,665,3368,896,3513,2407
253,1287,3067,1438,2768,2503
2481,3461,3045,9,1953,562
1464,1177,1864,3507,2623,1519
219,1499,3269,2552,2691,1504
2756,3324,3212,1740,647,2404
1432,3238,3153,1062,1178,1487
3245,629,473,3309,1830,1040
2453,2669,3252,2790,2267,2880
289,1040,510,1695,3245,2196
2003,963,3400,2107,3020,160
1144,2652,3373,1354,538,3210
244,2068,537,11,3183,1079
453,4,962,1189,1178,1440
2891,3244,2703,1589,2945,2027
2024,558,3260,1527,982,1933
3311,1574,2513,2407,3302,2834
388,965,2913,1424,2819,47
158,1173,2563,1091,2774,2762
1567,483,1572,2009,619,374
1360,328,1146,10,1391,795
1850,2210,918,1152,1158,359
569,3459,3053,2352,706,151
3240,165,2185,367,3372,3230
2046,2290,1608,2730,1457,2673
1036,2568,3111,757,3302,2683
469,564,2476,2875,3036,2386
2232,419,987,1726,3176,596
2217,2285,1221,1084,3064,3058
3441,815,3293,2150,134,2008
1745,3243,736,2353,3421,3104
1908,2882,1242,2916,1316,235
426,1850,1785,1683,404,793
385,1839,2149,3524,451,765
3058,3170,801,3087,1048,1477
1289,2290,3391,2159,2084,844
1519,3192,3474,1464,2417,239
1010,153,3029,2355,633,54
2180,2013,2649,1434,223,1372
1117,458,1517,2818,3034,2913
1663,958,2532,1245,3345,348
2605,772,907,348,2451,1910
785,3368,1660,1423,2382,3471
2067,2959,569,592,1658,932
1673,1282,995,274,3233,2668
3359,770,460,334,122,1826
2834,1574,487,2980,3487,1036
302,1567,148,30,2686,593
207,1624,3354,1362,3038,1252
1334,468,98,3198,2695,1254
951,2747,257,2778,1759,337
3013,3427,3201,2175,1118,3030
87,28,597,2373,761,318
765,2902,3504,385,2183,1208
1512,2843,1389,2454,363,2534
61,2786,3181,1746,777,281
2725,532,2520,1836,3316,1686
2478,7,1964,3408,1837,1119
2399,2186,105,1453,2032,3305
